inst_code,inst_name,place,dist_code,coed,type,estab,affiliation
AARM,AAR MAHAVEER ENGINEERING COLLEGE,BANDLAGUDA,HYD,COED,PVT,2010,JNTUH
AARM,AAR MAHAVEER ENGINEERING COLLEGE,BANDLAGUDA,HYD,COED,PVT,2010,JNTUH
AARM,AAR MAHAVEER ENGINEERING COLLEGE,BANDLAGUDA,HYD,COED,PVT,2010,JNTUH
AARM,AAR MAHAVEER ENGINEERING COLLEGE,BANDLAGUDA,HYD,COED,PVT,2010,JNTUH
AARM,AAR MAHAVEER ENGINEERING COLLEGE,BANDLAGUDA,HYD,COED,PVT,2010,JNTUH
ACEG,A C E ENGINEERING COLLEGE (AUTONOMOUS),GHATKESAR,MDL,COED,PVT,2007,JNTUH
ACEG,A C E ENGINEERING COLLEGE (AUTONOMOUS),GHATKESAR,MDL,COED,PVT,2007,JNTUH
ACEG,A C E ENGINEERING COLLEGE (AUTONOMOUS),GHATKESAR,MDL,COED,PVT,2007,JNTUH
ACEG,A C E ENGINEERING COLLEGE (AUTONOMOUS),GHATKESAR,MDL,COED,PVT,2007,JNTUH
ACEG,A C E ENGINEERING COLLEGE (AUTONOMOUS),GHATKESAR,MDL,COED,PVT,2007,JNTUH
ACEG,A C E ENGINEERING COLLEGE (AUTONOMOUS),GHATKESAR,MDL,COED,PVT,2007,JNTUH
ACEG,A C E ENGINEERING COLLEGE (AUTONOMOUS),GHATKESAR,MDL,COED,PVT,2007,JNTUH
ACEG,A C E ENGINEERING COLLEGE (AUTONOMOUS),GHATKESAR,MDL,COED,PVT,2007,JNTUH
ACEG,A C E ENGINEERING COLLEGE (AUTONOMOUS),GHATKESAR,MDL,COED,PVT,2007,JNTUH
AITH,ANNAMACHARYA INST OF TECHNOLOGY AND SCI,HAYATHNAGAR,RR,COED,PVT,2005,JNTUH
AITH,ANNAMACHARYA INST OF TECHNOLOGY AND SCI,HAYATHNAGAR,RR,COED,PVT,2005,JNTUH
AITH,ANNAMACHARYA INST OF TECHNOLOGY AND SCI,HAYATHNAGAR,RR,COED,PVT,2005,JNTUH
AITH,ANNAMACHARYA INST OF TECHNOLOGY AND SCI,HAYATHNAGAR,RR,COED,PVT,2005,JNTUH
AITH,ANNAMACHARYA INST OF TECHNOLOGY AND SCI,HAYATHNAGAR,RR,COED,PVT,2005,JNTUH
AITH,ANNAMACHARYA INST OF TECHNOLOGY AND SCI,HAYATHNAGAR,RR,COED,PVT,2005,JNTUH
AITH,ANNAMACHARYA INST OF TECHNOLOGY AND SCI,HAYATHNAGAR,RR,COED,PVT,2005,JNTUH
AKIT,ABDULKALAM INST OF TECHNOLOGY AND SCI,KOTHAGUDEM,KGM,COED,PVT,2007,JNTUH
AKIT,ABDULKALAM INST OF TECHNOLOGY AND SCI,KOTHAGUDEM,KGM,COED,PVT,2007,JNTUH
AKIT,ABDULKALAM INST OF TECHNOLOGY AND SCI,KOTHAGUDEM,KGM,COED,PVT,2007,JNTUH
AKIT,ABDULKALAM INST OF TECHNOLOGY AND SCI,KOTHAGUDEM,KGM,COED,PVT,2007,JNTUH
AKIT,ABDULKALAM INST OF TECHNOLOGY AND SCI,KOTHAGUDEM,KGM,COED,PVT,2007,JNTUH
AKIT,ABDULKALAM INST OF TECHNOLOGY AND SCI,KOTHAGUDEM,KGM,COED,PVT,2007,JNTUH
AKIT,ABDULKALAM INST OF TECHNOLOGY AND SCI,KOTHAGUDEM,KGM,COED,PVT,2007,JNTUH
AKIT,ABDULKALAM INST OF TECHNOLOGY AND SCI,KOTHAGUDEM,KGM,COED,PVT,2007,JNTUH
ANRK,ANURAG ENGINEERING COLLEGE AUTONOMOUS,KODAD,SRP,COED,PVT,2001,JNTUH
ANRK,ANURAG ENGINEERING COLLEGE AUTONOMOUS,KODAD,SRP,COED,PVT,2001,JNTUH
ANRK,ANURAG ENGINEERING COLLEGE AUTONOMOUS,KODAD,SRP,COED,PVT,2001,JNTUH
ANRK,ANURAG ENGINEERING COLLEGE AUTONOMOUS,KODAD,SRP,COED,PVT,2001,JNTUH
ANRK,ANURAG ENGINEERING COLLEGE AUTONOMOUS,KODAD,SRP,COED,PVT,2001,JNTUH
ANRK,ANURAG ENGINEERING COLLEGE AUTONOMOUS,KODAD,SRP,COED,PVT,2001,JNTUH
ARJN,ARJUN COLLEGE OF TECHNOLOGY AND SCIENCE,BATASINGARAM,RR,COED,PVT,2006,JNTUH
ARJN,ARJUN COLLEGE OF TECHNOLOGY AND SCIENCE,BATASINGARAM,RR,COED,PVT,2006,JNTUH
ARJN,ARJUN COLLEGE OF TECHNOLOGY AND SCIENCE,BATASINGARAM,RR,COED,PVT,2006,JNTUH
ASRA,AVANTHIS SCIENTIFIC TECH AND RESEARCH ACADEMY,HAYATHNAGAR,RR,COED,PVT,2008,JNTUH
ASRA,AVANTHIS SCIENTIFIC TECH AND RESEARCH ACADEMY,HAYATHNAGAR,RR,COED,PVT,2008,JNTUH
ASRA,AVANTHIS SCIENTIFIC TECH AND RESEARCH ACADEMY,HAYATHNAGAR,RR,COED,PVT,2008,JNTUH
ASRA,AVANTHIS SCIENTIFIC TECH AND RESEARCH ACADEMY,HAYATHNAGAR,RR,COED,PVT,2008,JNTUH
ASRA,AVANTHIS SCIENTIFIC TECH AND RESEARCH ACADEMY,HAYATHNAGAR,RR,COED,PVT,2008,JNTUH
ASRA,AVANTHIS SCIENTIFIC TECH AND RESEARCH ACADEMY,HAYATHNAGAR,RR,COED,PVT,2008,JNTUH
ASRA,AVANTHIS SCIENTIFIC TECH AND RESEARCH ACADEMY,HAYATHNAGAR,RR,COED,PVT,2008,JNTUH
AURG,AURORAS SCIENTIFIC AND TECHNOLOGICAL INSTITUTE,GHATKESAR,MDL,COED,PVT,2003,JNTUH
AURG,AURORAS SCIENTIFIC AND TECHNOLOGICAL INSTITUTE,GHATKESAR,MDL,COED,PVT,2003,JNTUH
AURG,AURORAS SCIENTIFIC AND TECHNOLOGICAL INSTITUTE,GHATKESAR,MDL,COED,PVT,2003,JNTUH
AURG,AURORAS SCIENTIFIC AND TECHNOLOGICAL INSTITUTE,GHATKESAR,MDL,COED,PVT,2003,JNTUH
AVIH,AVANTHI INST OF ENGG AND TECHNOLOGY,HAYATHNAGAR,RR,COED,PVT,2005,JNTUH
AVIH,AVANTHI INST OF ENGG AND TECHNOLOGY,HAYATHNAGAR,RR,COED,PVT,2005,JNTUH
AVIH,AVANTHI INST OF ENGG AND TECHNOLOGY,HAYATHNAGAR,RR,COED,PVT,2005,JNTUH
AVIH,AVANTHI INST OF ENGG AND TECHNOLOGY,HAYATHNAGAR,RR,COED,PVT,2005,JNTUH
AVIH,AVANTHI INST OF ENGG AND TECHNOLOGY,HAYATHNAGAR,RR,COED,PVT,2005,JNTUH
AVIH,AVANTHI INST OF ENGG AND TECHNOLOGY,HAYATHNAGAR,RR,COED,PVT,2005,JNTUH
AVIH,AVANTHI INST OF ENGG AND TECHNOLOGY,HAYATHNAGAR,RR,COED,PVT,2005,JNTUH
AVNI,AVN INST OF ENGG TECHNOLOGY (AUTONOMOUS),IBRAHIMPATAN,RR,COED,PVT,2009,JNTUH
AVNI,AVN INST OF ENGG TECHNOLOGY (AUTONOMOUS),IBRAHIMPATAN,RR,COED,PVT,2009,JNTUH
AVNI,AVN INST OF ENGG TECHNOLOGY (AUTONOMOUS),IBRAHIMPATAN,RR,COED,PVT,2009,JNTUH
AVNI,AVN INST OF ENGG TECHNOLOGY (AUTONOMOUS),IBRAHIMPATAN,RR,COED,PVT,2009,JNTUH
AVNI,AVN INST OF ENGG TECHNOLOGY (AUTONOMOUS),IBRAHIMPATAN,RR,COED,PVT,2009,JNTUH
AVNI,AVN INST OF ENGG TECHNOLOGY (AUTONOMOUS),IBRAHIMPATAN,RR,COED,PVT,2009,JNTUH
AVNI,AVN INST OF ENGG TECHNOLOGY (AUTONOMOUS),IBRAHIMPATAN,RR,COED,PVT,2009,JNTUH
AVNI,AVN INST OF ENGG TECHNOLOGY (AUTONOMOUS),IBRAHIMPATAN,RR,COED,PVT,2009,JNTUH
BIET,BHARAT INSTITUTE OF ENGG AND TECHNOLOGY,IBRAHIMPATNAM,RR,COED,PVT,2001,JNTUH
BIET,BHARAT INSTITUTE OF ENGG AND TECHNOLOGY,IBRAHIMPATNAM,RR,COED,PVT,2001,JNTUH
BIET,BHARAT INSTITUTE OF ENGG AND TECHNOLOGY,IBRAHIMPATNAM,RR,COED,PVT,2001,JNTUH
BIET,BHARAT INSTITUTE OF ENGG AND TECHNOLOGY,IBRAHIMPATNAM,RR,COED,PVT,2001,JNTUH
BIET,BHARAT INSTITUTE OF ENGG AND TECHNOLOGY,IBRAHIMPATNAM,RR,COED,PVT,2001,JNTUH
BIET,BHARAT INSTITUTE OF ENGG AND TECHNOLOGY,IBRAHIMPATNAM,RR,COED,PVT,2001,JNTUH
BIET,BHARAT INSTITUTE OF ENGG AND TECHNOLOGY,IBRAHIMPATNAM,RR,COED,PVT,2001,JNTUH
BIET,BHARAT INSTITUTE OF ENGG AND TECHNOLOGY,IBRAHIMPATNAM,RR,COED,PVT,2001,JNTUH
BIET,BHARAT INSTITUTE OF ENGG AND TECHNOLOGY,IBRAHIMPATNAM,RR,COED,PVT,2001,JNTUH
BITN,BALAJI INSTITUTE OF TECHNOLOGY AND SCI (AUTONOMOUS),NARSAMPET,WGL,COED,PVT,2001,JNTUH
BITN,BALAJI INSTITUTE OF TECHNOLOGY AND SCI (AUTONOMOUS),NARSAMPET,WGL,COED,PVT,2001,JNTUH
BITN,BALAJI INSTITUTE OF TECHNOLOGY AND SCI (AUTONOMOUS),NARSAMPET,WGL,COED,PVT,2001,JNTUH
BITN,BALAJI INSTITUTE OF TECHNOLOGY AND SCI (AUTONOMOUS),NARSAMPET,WGL,COED,PVT,2001,JNTUH
BITN,BALAJI INSTITUTE OF TECHNOLOGY AND SCI (AUTONOMOUS),NARSAMPET,WGL,COED,PVT,2001,JNTUH
BITN,BALAJI INSTITUTE OF TECHNOLOGY AND SCI (AUTONOMOUS),NARSAMPET,WGL,COED,PVT,2001,JNTUH
BITN,BALAJI INSTITUTE OF TECHNOLOGY AND SCI (AUTONOMOUS),NARSAMPET,WGL,COED,PVT,2001,JNTUH
BITN,BALAJI INSTITUTE OF TECHNOLOGY AND SCI (AUTONOMOUS),NARSAMPET,WGL,COED,PVT,2001,JNTUH
BOMA,BOMMA INST OF TECHNOLOGY AND SCI,KHAMMAM,KHM,COED,PVT,2006,JNTUH
BOMA,BOMMA INST OF TECHNOLOGY AND SCI,KHAMMAM,KHM,COED,PVT,2006,JNTUH
BOMA,BOMMA INST OF TECHNOLOGY AND SCI,KHAMMAM,KHM,COED,PVT,2006,JNTUH
BOMA,BOMMA INST OF TECHNOLOGY AND SCI,KHAMMAM,KHM,COED,PVT,2006,JNTUH
BOMA,BOMMA INST OF TECHNOLOGY AND SCI,KHAMMAM,KHM,COED,PVT,2006,JNTUH
BOSE,ANU BOSE INSTT OF TECHNOLOGY,PALONCHA,KGM,GIRLS,PVT,2008,JNTUH
BOSE,ANU BOSE INSTT OF TECHNOLOGY,PALONCHA,KGM,GIRLS,PVT,2008,JNTUH
BOSE,ANU BOSE INSTT OF TECHNOLOGY,PALONCHA,KGM,GIRLS,PVT,2008,JNTUH
BOSE,ANU BOSE INSTT OF TECHNOLOGY,PALONCHA,KGM,GIRLS,PVT,2008,JNTUH
BOSE,ANU BOSE INSTT OF TECHNOLOGY,PALONCHA,KGM,GIRLS,PVT,2008,JNTUH
BOSE,ANU BOSE INSTT OF TECHNOLOGY,PALONCHA,KGM,GIRLS,PVT,2008,JNTUH
BREW,BHOJREDDY ENGINEERING COLLEGE FOR WOMEN,SAIDABAD,HYD,GIRLS,PVT,1997,JNTUH
BREW,BHOJREDDY ENGINEERING COLLEGE FOR WOMEN,SAIDABAD,HYD,GIRLS,PVT,1997,JNTUH
BREW,BHOJREDDY ENGINEERING COLLEGE FOR WOMEN,SAIDABAD,HYD,GIRLS,PVT,1997,JNTUH
BREW,BHOJREDDY ENGINEERING COLLEGE FOR WOMEN,SAIDABAD,HYD,GIRLS,PVT,1997,JNTUH
BREW,BHOJREDDY ENGINEERING COLLEGE FOR WOMEN,SAIDABAD,HYD,GIRLS,PVT,1997,JNTUH
BRIG,BRILLIANT GRAMMER SCHOOL EDNL SOC GRP OF INSTNS,HAYATHNAGAR,RR,COED,PVT,2009,JNTUH
BRIG,BRILLIANT GRAMMER SCHOOL EDNL SOC GRP OF INSTNS,HAYATHNAGAR,RR,COED,PVT,2009,JNTUH
BRIG,BRILLIANT GRAMMER SCHOOL EDNL SOC GRP OF INSTNS,HAYATHNAGAR,RR,COED,PVT,2009,JNTUH
BRIG,BRILLIANT GRAMMER SCHOOL EDNL SOC GRP OF INSTNS,HAYATHNAGAR,RR,COED,PVT,2009,JNTUH
BRIG,BRILLIANT GRAMMER SCHOOL EDNL SOC GRP OF INSTNS,HAYATHNAGAR,RR,COED,PVT,2009,JNTUH
BRIG,BRILLIANT GRAMMER SCHOOL EDNL SOC GRP OF INSTNS,HAYATHNAGAR,RR,COED,PVT,2009,JNTUH
BRIG,BRILLIANT GRAMMER SCHOOL EDNL SOC GRP OF INSTNS,HAYATHNAGAR,RR,COED,PVT,2009,JNTUH
BRIG,BRILLIANT GRAMMER SCHOOL EDNL SOC GRP OF INSTNS,HAYATHNAGAR,RR,COED,PVT,2009,JNTUH
BRIL,BRILLIANT INSTT OF ENGG AND TECHNOLOGY,HAYATHNAGAR,RR,COED,PVT,2008,JNTUH
BRIL,BRILLIANT INSTT OF ENGG AND TECHNOLOGY,HAYATHNAGAR,RR,COED,PVT,2008,JNTUH
BRIL,BRILLIANT INSTT OF ENGG AND TECHNOLOGY,HAYATHNAGAR,RR,COED,PVT,2008,JNTUH
BRIL,BRILLIANT INSTT OF ENGG AND TECHNOLOGY,HAYATHNAGAR,RR,COED,PVT,2008,JNTUH
BRIL,BRILLIANT INSTT OF ENGG AND TECHNOLOGY,HAYATHNAGAR,RR,COED,PVT,2008,JNTUH
BRIL,BRILLIANT INSTT OF ENGG AND TECHNOLOGY,HAYATHNAGAR,RR,COED,PVT,2008,JNTUH
BRIL,BRILLIANT INSTT OF ENGG AND TECHNOLOGY,HAYATHNAGAR,RR,COED,PVT,2008,JNTUH
BRIL,BRILLIANT INSTT OF ENGG AND TECHNOLOGY,HAYATHNAGAR,RR,COED,PVT,2008,JNTUH
BRIL,BRILLIANT INSTT OF ENGG AND TECHNOLOGY,HAYATHNAGAR,RR,COED,PVT,2008,JNTUH
BRIL,BRILLIANT INSTT OF ENGG AND TECHNOLOGY,HAYATHNAGAR,RR,COED,PVT,2008,JNTUH
BSKR,BHASKAR ENGINEERING COLLEGE,YENKAPALLY,RR,COED,PVT,2007,JNTUH
BSKR,BHASKAR ENGINEERING COLLEGE,YENKAPALLY,RR,COED,PVT,2007,JNTUH
BSKR,BHASKAR ENGINEERING COLLEGE,YENKAPALLY,RR,COED,PVT,2007,JNTUH
BSKR,BHASKAR ENGINEERING COLLEGE,YENKAPALLY,RR,COED,PVT,2007,JNTUH
BSKR,BHASKAR ENGINEERING COLLEGE,YENKAPALLY,RR,COED,PVT,2007,JNTUH
BVRI,B V RAJU INSTITUTE OF TECHNOLOGY,NARSAPUR,MED,COED,PVT,1997,JNTUH
BVRI,B V RAJU INSTITUTE OF TECHNOLOGY,NARSAPUR,MED,COED,PVT,1997,JNTUH
BVRI,B V RAJU INSTITUTE OF TECHNOLOGY,NARSAPUR,MED,COED,PVT,1997,JNTUH
BVRI,B V RAJU INSTITUTE OF TECHNOLOGY,NARSAPUR,MED,COED,PVT,1997,JNTUH
BVRI,B V RAJU INSTITUTE OF TECHNOLOGY,NARSAPUR,MED,COED,PVT,1997,JNTUH
BVRI,B V RAJU INSTITUTE OF TECHNOLOGY,NARSAPUR,MED,COED,PVT,1997,JNTUH
BVRI,B V RAJU INSTITUTE OF TECHNOLOGY,NARSAPUR,MED,COED,PVT,1997,JNTUH
BVRI,B V RAJU INSTITUTE OF TECHNOLOGY,NARSAPUR,MED,COED,PVT,1997,JNTUH
BVRI,B V RAJU INSTITUTE OF TECHNOLOGY,NARSAPUR,MED,COED,PVT,1997,JNTUH
BVRI,B V RAJU INSTITUTE OF TECHNOLOGY,NARSAPUR,MED,COED,PVT,1997,JNTUH
BVRI,B V RAJU INSTITUTE OF TECHNOLOGY,NARSAPUR,MED,COED,PVT,1997,JNTUH
BVRI,B V RAJU INSTITUTE OF TECHNOLOGY,NARSAPUR,MED,COED,PVT,1997,JNTUH
BVRW,BVRIT COLLEGE OF ENGINEERING FOR WOMEN (AUTONOMOUS),BACHUPALLY,MDL,GIRLS,PVT,2012,JNTUH
BVRW,BVRIT COLLEGE OF ENGINEERING FOR WOMEN (AUTONOMOUS),BACHUPALLY,MDL,GIRLS,PVT,2012,JNTUH
BVRW,BVRIT COLLEGE OF ENGINEERING FOR WOMEN (AUTONOMOUS),BACHUPALLY,MDL,GIRLS,PVT,2012,JNTUH
BVRW,BVRIT COLLEGE OF ENGINEERING FOR WOMEN (AUTONOMOUS),BACHUPALLY,MDL,GIRLS,PVT,2012,JNTUH
CASR,COLLEGE OF AGRICULTURAL ENGG,SANGAREDDY,SRD,COED,UNIV,2011,PJTSAU
CBIT,CHAITANYA BHARATHI INSTITUTE OF TECHNOLOGY,GANDIPET,RR,COED,PVT,1979,OU
CBIT,CHAITANYA BHARATHI INSTITUTE OF TECHNOLOGY,GANDIPET,RR,COED,PVT,1979,OU
CBIT,CHAITANYA BHARATHI INSTITUTE OF TECHNOLOGY,GANDIPET,RR,COED,PVT,1979,OU
CBIT,CHAITANYA BHARATHI INSTITUTE OF TECHNOLOGY,GANDIPET,RR,COED,PVT,1979,OU
CBIT,CHAITANYA BHARATHI INSTITUTE OF TECHNOLOGY,GANDIPET,RR,COED,PVT,1979,OU
CBIT,CHAITANYA BHARATHI INSTITUTE OF TECHNOLOGY,GANDIPET,RR,COED,PVT,1979,OU
CBIT,CHAITANYA BHARATHI INSTITUTE OF TECHNOLOGY,GANDIPET,RR,COED,PVT,1979,OU
CBIT,CHAITANYA BHARATHI INSTITUTE OF TECHNOLOGY,GANDIPET,RR,COED,PVT,1979,OU
CBIT,CHAITANYA BHARATHI INSTITUTE OF TECHNOLOGY,GANDIPET,RR,COED,PVT,1979,OU
CBIT,CHAITANYA BHARATHI INSTITUTE OF TECHNOLOGY,GANDIPET,RR,COED,PVT,1979,OU
CBIT,CHAITANYA BHARATHI INSTITUTE OF TECHNOLOGY,GANDIPET,RR,COED,PVT,1979,OU
CBIT,CHAITANYA BHARATHI INSTITUTE OF TECHNOLOGY,GANDIPET,RR,COED,PVT,1979,OU
CDTK,COLLEGE OF DAIRY TECHNOLOGY,KAMAREDDY,KMR,COED,UNIV,2007,PVNRTVU
CFSR,COLLEGE OF FOOD SCIENCE AND TECHNOLOGY,RUDRUR,NZB,COED,GOV,2015,PJTSAU
CHET,SRI CHAITANYA TECHNICAL CAMPUS,IBRAHIMPATAN,RR,COED,PVT,2009,JNTUH
CHET,SRI CHAITANYA TECHNICAL CAMPUS,IBRAHIMPATAN,RR,COED,PVT,2009,JNTUH
CHET,SRI CHAITANYA TECHNICAL CAMPUS,IBRAHIMPATAN,RR,COED,PVT,2009,JNTUH
CHET,SRI CHAITANYA TECHNICAL CAMPUS,IBRAHIMPATAN,RR,COED,PVT,2009,JNTUH
CHET,SRI CHAITANYA TECHNICAL CAMPUS,IBRAHIMPATAN,RR,COED,PVT,2009,JNTUH
CHET,SRI CHAITANYA TECHNICAL CAMPUS,IBRAHIMPATAN,RR,COED,PVT,2009,JNTUH
CHET,SRI CHAITANYA TECHNICAL CAMPUS,IBRAHIMPATAN,RR,COED,PVT,2009,JNTUH
CHTN,SREE CHAITANYA COLLEGE OF ENGINEERING,KARIMNAGAR,KRM,COED,PVT,2004,JNTUH
CHTN,SREE CHAITANYA COLLEGE OF ENGINEERING,KARIMNAGAR,KRM,COED,PVT,2004,JNTUH
CHTN,SREE CHAITANYA COLLEGE OF ENGINEERING,KARIMNAGAR,KRM,COED,PVT,2004,JNTUH
CHTN,SREE CHAITANYA COLLEGE OF ENGINEERING,KARIMNAGAR,KRM,COED,PVT,2004,JNTUH
CHTN,SREE CHAITANYA COLLEGE OF ENGINEERING,KARIMNAGAR,KRM,COED,PVT,2004,JNTUH
CHTN,SREE CHAITANYA COLLEGE OF ENGINEERING,KARIMNAGAR,KRM,COED,PVT,2004,JNTUH
CHTS,SREE CHAITANYA INST OF TECHNOLOGY SCIENCES,KARIMNAGAR,KRM,COED,PVT,2008,JNTUH
CHTS,SREE CHAITANYA INST OF TECHNOLOGY SCIENCES,KARIMNAGAR,KRM,COED,PVT,2008,JNTUH
CHTS,SREE CHAITANYA INST OF TECHNOLOGY SCIENCES,KARIMNAGAR,KRM,COED,PVT,2008,JNTUH
CHTS,SREE CHAITANYA INST OF TECHNOLOGY SCIENCES,KARIMNAGAR,KRM,COED,PVT,2008,JNTUH
CMRG,CMR TECHNICAL CAMPUS (AUTONOMOUS),KANDLAKOYA,MDL,COED,PVT,2009,JNTUH
CMRG,CMR TECHNICAL CAMPUS (AUTONOMOUS),KANDLAKOYA,MDL,COED,PVT,2009,JNTUH
CMRG,CMR TECHNICAL CAMPUS (AUTONOMOUS),KANDLAKOYA,MDL,COED,PVT,2009,JNTUH
CMRG,CMR TECHNICAL CAMPUS (AUTONOMOUS),KANDLAKOYA,MDL,COED,PVT,2009,JNTUH
CMRK,C M R COLLEGE OF ENGG AND TECHNOLOGY (AUTONOMOUS),KANDLAKOYA,MDL,COED,PVT,2002,JNTUH
CMRK,C M R COLLEGE OF ENGG AND TECHNOLOGY (AUTONOMOUS),KANDLAKOYA,MDL,COED,PVT,2002,JNTUH
CMRK,C M R COLLEGE OF ENGG AND TECHNOLOGY (AUTONOMOUS),KANDLAKOYA,MDL,COED,PVT,2002,JNTUH
CMRK,C M R COLLEGE OF ENGG AND TECHNOLOGY (AUTONOMOUS),KANDLAKOYA,MDL,COED,PVT,2002,JNTUH
CMRK,C M R COLLEGE OF ENGG AND TECHNOLOGY (AUTONOMOUS),KANDLAKOYA,MDL,COED,PVT,2002,JNTUH
CMRK,C M R COLLEGE OF ENGG AND TECHNOLOGY (AUTONOMOUS),KANDLAKOYA,MDL,COED,PVT,2002,JNTUH
CMRK,C M R COLLEGE OF ENGG AND TECHNOLOGY (AUTONOMOUS),KANDLAKOYA,MDL,COED,PVT,2002,JNTUH
CMRM,CMR INSTITUTE OF TECHNOLOGY (AUTONOMOUS),KANDLAKOYA,MDL,COED,PVT,2005,JNTUH
CMRM,CMR INSTITUTE OF TECHNOLOGY (AUTONOMOUS),KANDLAKOYA,MDL,COED,PVT,2005,JNTUH
CMRM,CMR INSTITUTE OF TECHNOLOGY (AUTONOMOUS),KANDLAKOYA,MDL,COED,PVT,2005,JNTUH
CMRM,CMR INSTITUTE OF TECHNOLOGY (AUTONOMOUS),KANDLAKOYA,MDL,COED,PVT,2005,JNTUH
CMRN,CMR ENGG COLLEGE (AUTONOMOUS),KANDLAKOYA,MDL,COED,PVT,2010,JNTUH
CMRN,CMR ENGG COLLEGE (AUTONOMOUS),KANDLAKOYA,MDL,COED,PVT,2010,JNTUH
CMRN,CMR ENGG COLLEGE (AUTONOMOUS),KANDLAKOYA,MDL,COED,PVT,2010,JNTUH
CMRN,CMR ENGG COLLEGE (AUTONOMOUS),KANDLAKOYA,MDL,COED,PVT,2010,JNTUH
CVRH,CVR COLLEGE OF ENGINEERING,IBRAHIMPATAN,RR,COED,PVT,2001,JNTUH
CVRH,CVR COLLEGE OF ENGINEERING,IBRAHIMPATAN,RR,COED,PVT,2001,JNTUH
CVRH,CVR COLLEGE OF ENGINEERING,IBRAHIMPATAN,RR,COED,PVT,2001,JNTUH
CVRH,CVR COLLEGE OF ENGINEERING,IBRAHIMPATAN,RR,COED,PVT,2001,JNTUH
CVRH,CVR COLLEGE OF ENGINEERING,IBRAHIMPATAN,RR,COED,PVT,2001,JNTUH
CVRH,CVR COLLEGE OF ENGINEERING,IBRAHIMPATAN,RR,COED,PVT,2001,JNTUH
CVRH,CVR COLLEGE OF ENGINEERING,IBRAHIMPATAN,RR,COED,PVT,2001,JNTUH
CVRH,CVR COLLEGE OF ENGINEERING,IBRAHIMPATAN,RR,COED,PVT,2001,JNTUH
CVRH,CVR COLLEGE OF ENGINEERING,IBRAHIMPATAN,RR,COED,PVT,2001,JNTUH
CVRH,CVR COLLEGE OF ENGINEERING,IBRAHIMPATAN,RR,COED,PVT,2001,JNTUH
CVRH,CVR COLLEGE OF ENGINEERING,IBRAHIMPATAN,RR,COED,PVT,2001,JNTUH
CVRH,CVR COLLEGE OF ENGINEERING,IBRAHIMPATAN,RR,COED,PVT,2001,JNTUH
CVSR,ANURAG UNIVERSITY (FORMERLY ANURAG GRP OF INSTNS- CVSR COLL OF ENGG),GHATKESAR,MDL,COED,PVT,2002,ANURAG UNIVERSITY
CVSR,ANURAG UNIVERSITY (FORMERLY ANURAG GRP OF INSTNS- CVSR COLL OF ENGG),GHATKESAR,MDL,COED,PVT,2002,ANURAG UNIVERSITY
CVSR,ANURAG UNIVERSITY (FORMERLY ANURAG GRP OF INSTNS- CVSR COLL OF ENGG),GHATKESAR,MDL,COED,PVT,2002,ANURAG UNIVERSITY
CVSR,ANURAG UNIVERSITY (FORMERLY ANURAG GRP OF INSTNS- CVSR COLL OF ENGG),GHATKESAR,MDL,COED,PVT,2002,ANURAG UNIVERSITY
CVSR,ANURAG UNIVERSITY (FORMERLY ANURAG GRP OF INSTNS- CVSR COLL OF ENGG),GHATKESAR,MDL,COED,PVT,2002,ANURAG UNIVERSITY
CVSR,ANURAG UNIVERSITY (FORMERLY ANURAG GRP OF INSTNS- CVSR COLL OF ENGG),GHATKESAR,MDL,COED,PVT,2002,ANURAG UNIVERSITY
CVSR,ANURAG UNIVERSITY (FORMERLY ANURAG GRP OF INSTNS- CVSR COLL OF ENGG),GHATKESAR,MDL,COED,PVT,2002,ANURAG UNIVERSITY
DARE,DARIPALLY ANANTHA RAMULU COLLOF ENGGAND TECH,KHAMMAM,KHM,COED,PVT,2007,JNTUH
DRKI,D R K INSTITUTE OF SCI AND TECHNOLOGY,BOWRAMPET,MDL,COED,PVT,2004,JNTUH
DRKI,D R K INSTITUTE OF SCI AND TECHNOLOGY,BOWRAMPET,MDL,COED,PVT,2004,JNTUH
DRKI,D R K INSTITUTE OF SCI AND TECHNOLOGY,BOWRAMPET,MDL,COED,PVT,2004,JNTUH
DRKI,D R K INSTITUTE OF SCI AND TECHNOLOGY,BOWRAMPET,MDL,COED,PVT,2004,JNTUH
DRKI,D R K INSTITUTE OF SCI AND TECHNOLOGY,BOWRAMPET,MDL,COED,PVT,2004,JNTUH
DRKI,D R K INSTITUTE OF SCI AND TECHNOLOGY,BOWRAMPET,MDL,COED,PVT,2004,JNTUH
DRKI,D R K INSTITUTE OF SCI AND TECHNOLOGY,BOWRAMPET,MDL,COED,PVT,2004,JNTUH
DRKI,D R K INSTITUTE OF SCI AND TECHNOLOGY,BOWRAMPET,MDL,COED,PVT,2004,JNTUH
ELEN,ELLENKI COLLGE OF ENGG AND TECHNOLOGY,PATANCHERU,SRD,COED,PVT,2001,JNTUH
ELEN,ELLENKI COLLGE OF ENGG AND TECHNOLOGY,PATANCHERU,SRD,COED,PVT,2001,JNTUH
ELEN,ELLENKI COLLGE OF ENGG AND TECHNOLOGY,PATANCHERU,SRD,COED,PVT,2001,JNTUH
ELEN,ELLENKI COLLGE OF ENGG AND TECHNOLOGY,PATANCHERU,SRD,COED,PVT,2001,JNTUH
ELEN,ELLENKI COLLGE OF ENGG AND TECHNOLOGY,PATANCHERU,SRD,COED,PVT,2001,JNTUH
ELEN,ELLENKI COLLGE OF ENGG AND TECHNOLOGY,PATANCHERU,SRD,COED,PVT,2001,JNTUH
ELEN,ELLENKI COLLGE OF ENGG AND TECHNOLOGY,PATANCHERU,SRD,COED,PVT,2001,JNTUH
ELEN,ELLENKI COLLGE OF ENGG AND TECHNOLOGY,PATANCHERU,SRD,COED,PVT,2001,JNTUH
GATE,GATE INSTITUTE OF TECHNOLOGYAND SCIENCES,KODAD,SRP,COED,PVT,2008,JNTUH
GATE,GATE INSTITUTE OF TECHNOLOGYAND SCIENCES,KODAD,SRP,COED,PVT,2008,JNTUH
GATE,GATE INSTITUTE OF TECHNOLOGYAND SCIENCES,KODAD,SRP,COED,PVT,2008,JNTUH
GATE,GATE INSTITUTE OF TECHNOLOGYAND SCIENCES,KODAD,SRP,COED,PVT,2008,JNTUH
GATE,GATE INSTITUTE OF TECHNOLOGYAND SCIENCES,KODAD,SRP,COED,PVT,2008,JNTUH
GATE,GATE INSTITUTE OF TECHNOLOGYAND SCIENCES,KODAD,SRP,COED,PVT,2008,JNTUH
GATE,GATE INSTITUTE OF TECHNOLOGYAND SCIENCES,KODAD,SRP,COED,PVT,2008,JNTUH
GCTC,GEETANJALI COLLEGE OF ENGG AND TECHNOLOGY (AUTONOMOUS),KEESARA,MDL,COED,PVT,2005,JNTUH
GCTC,GEETANJALI COLLEGE OF ENGG AND TECHNOLOGY (AUTONOMOUS),KEESARA,MDL,COED,PVT,2005,JNTUH
GCTC,GEETANJALI COLLEGE OF ENGG AND TECHNOLOGY (AUTONOMOUS),KEESARA,MDL,COED,PVT,2005,JNTUH
GCTC,GEETANJALI COLLEGE OF ENGG AND TECHNOLOGY (AUTONOMOUS),KEESARA,MDL,COED,PVT,2005,JNTUH
GCTC,GEETANJALI COLLEGE OF ENGG AND TECHNOLOGY (AUTONOMOUS),KEESARA,MDL,COED,PVT,2005,JNTUH
GCTC,GEETANJALI COLLEGE OF ENGG AND TECHNOLOGY (AUTONOMOUS),KEESARA,MDL,COED,PVT,2005,JNTUH
GCTC,GEETANJALI COLLEGE OF ENGG AND TECHNOLOGY (AUTONOMOUS),KEESARA,MDL,COED,PVT,2005,JNTUH
GCTC,GEETANJALI COLLEGE OF ENGG AND TECHNOLOGY (AUTONOMOUS),KEESARA,MDL,COED,PVT,2005,JNTUH
GLOB,GLOBAL INST OF ENGINEERING AND TECHNOLOGY (AUTONOMOUS),CHILKUR,RR,COED,PVT,2006,JNTUH
GLOB,GLOBAL INST OF ENGINEERING AND TECHNOLOGY (AUTONOMOUS),CHILKUR,RR,COED,PVT,2006,JNTUH
GLOB,GLOBAL INST OF ENGINEERING AND TECHNOLOGY (AUTONOMOUS),CHILKUR,RR,COED,PVT,2006,JNTUH
GLOB,GLOBAL INST OF ENGINEERING AND TECHNOLOGY (AUTONOMOUS),CHILKUR,RR,COED,PVT,2006,JNTUH
GLOB,GLOBAL INST OF ENGINEERING AND TECHNOLOGY (AUTONOMOUS),CHILKUR,RR,COED,PVT,2006,JNTUH
GLOB,GLOBAL INST OF ENGINEERING AND TECHNOLOGY (AUTONOMOUS),CHILKUR,RR,COED,PVT,2006,JNTUH
GLWC,GOKARAJU LAILAVATHI WOMENS ENGINEERING COLLEGE,BACHUPALLY,MDL,GIRLS,PVT,2021,OU
GLWC,GOKARAJU LAILAVATHI WOMENS ENGINEERING COLLEGE,BACHUPALLY,MDL,GIRLS,PVT,2021,OU
GNIT,GURUNANAK INST OF TECHNOLOGY (AUTONOMOUS),IBRAHIMPATAN,RR,COED,PVT,1999,JNTUH
GNIT,GURUNANAK INST OF TECHNOLOGY (AUTONOMOUS),IBRAHIMPATAN,RR,COED,PVT,1999,JNTUH
GNIT,GURUNANAK INST OF TECHNOLOGY (AUTONOMOUS),IBRAHIMPATAN,RR,COED,PVT,1999,JNTUH
GNIT,GURUNANAK INST OF TECHNOLOGY (AUTONOMOUS),IBRAHIMPATAN,RR,COED,PVT,1999,JNTUH
GNIT,GURUNANAK INST OF TECHNOLOGY (AUTONOMOUS),IBRAHIMPATAN,RR,COED,PVT,1999,JNTUH
GNIT,GURUNANAK INST OF TECHNOLOGY (AUTONOMOUS),IBRAHIMPATAN,RR,COED,PVT,1999,JNTUH
GNIT,GURUNANAK INST OF TECHNOLOGY (AUTONOMOUS),IBRAHIMPATAN,RR,COED,PVT,1999,JNTUH
GNIT,GURUNANAK INST OF TECHNOLOGY (AUTONOMOUS),IBRAHIMPATAN,RR,COED,PVT,1999,JNTUH
GNTW,G NARAYNAMMA INSTITUTE OF TECHNOLOGY AND SCI,SHAIKPET,HYD,GIRLS,PVT,1997,JNTUH
GNTW,G NARAYNAMMA INSTITUTE OF TECHNOLOGY AND SCI,SHAIKPET,HYD,GIRLS,PVT,1997,JNTUH
GNTW,G NARAYNAMMA INSTITUTE OF TECHNOLOGY AND SCI,SHAIKPET,HYD,GIRLS,PVT,1997,JNTUH
GNTW,G NARAYNAMMA INSTITUTE OF TECHNOLOGY AND SCI,SHAIKPET,HYD,GIRLS,PVT,1997,JNTUH
GNTW,G NARAYNAMMA INSTITUTE OF TECHNOLOGY AND SCI,SHAIKPET,HYD,GIRLS,PVT,1997,JNTUH
GNTW,G NARAYNAMMA INSTITUTE OF TECHNOLOGY AND SCI,SHAIKPET,HYD,GIRLS,PVT,1997,JNTUH
GNTW,G NARAYNAMMA INSTITUTE OF TECHNOLOGY AND SCI,SHAIKPET,HYD,GIRLS,PVT,1997,JNTUH
GRRR,GOKARAJU RANGARAJU INSTITUTE OF ENGG AND TECH,BACHUPALLY,MDL,COED,PVT,1997,JNTUH
GRRR,GOKARAJU RANGARAJU INSTITUTE OF ENGG AND TECH,BACHUPALLY,MDL,COED,PVT,1997,JNTUH
GRRR,GOKARAJU RANGARAJU INSTITUTE OF ENGG AND TECH,BACHUPALLY,MDL,COED,PVT,1997,JNTUH
GRRR,GOKARAJU RANGARAJU INSTITUTE OF ENGG AND TECH,BACHUPALLY,MDL,COED,PVT,1997,JNTUH
GRRR,GOKARAJU RANGARAJU INSTITUTE OF ENGG AND TECH,BACHUPALLY,MDL,COED,PVT,1997,JNTUH
GRRR,GOKARAJU RANGARAJU INSTITUTE OF ENGG AND TECH,BACHUPALLY,MDL,COED,PVT,1997,JNTUH
GRRR,GOKARAJU RANGARAJU INSTITUTE OF ENGG AND TECH,BACHUPALLY,MDL,COED,PVT,1997,JNTUH
GRRR,GOKARAJU RANGARAJU INSTITUTE OF ENGG AND TECH,BACHUPALLY,MDL,COED,PVT,1997,JNTUH
GURU,GURU NANAK INSTITUTIONS TECHNICAL CAMPUS (AUTONOMOUS),IBRAHIMPATAN,RR,COED,PVT,2001,JNTUH
GURU,GURU NANAK INSTITUTIONS TECHNICAL CAMPUS (AUTONOMOUS),IBRAHIMPATAN,RR,COED,PVT,2001,JNTUH
GURU,GURU NANAK INSTITUTIONS TECHNICAL CAMPUS (AUTONOMOUS),IBRAHIMPATAN,RR,COED,PVT,2001,JNTUH
GURU,GURU NANAK INSTITUTIONS TECHNICAL CAMPUS (AUTONOMOUS),IBRAHIMPATAN,RR,COED,PVT,2001,JNTUH
GURU,GURU NANAK INSTITUTIONS TECHNICAL CAMPUS (AUTONOMOUS),IBRAHIMPATAN,RR,COED,PVT,2001,JNTUH
GURU,GURU NANAK INSTITUTIONS TECHNICAL CAMPUS (AUTONOMOUS),IBRAHIMPATAN,RR,COED,PVT,2001,JNTUH
GURU,GURU NANAK INSTITUTIONS TECHNICAL CAMPUS (AUTONOMOUS),IBRAHIMPATAN,RR,COED,PVT,2001,JNTUH
GURU,GURU NANAK INSTITUTIONS TECHNICAL CAMPUS (AUTONOMOUS),IBRAHIMPATAN,RR,COED,PVT,2001,JNTUH
GURU,GURU NANAK INSTITUTIONS TECHNICAL CAMPUS (AUTONOMOUS),IBRAHIMPATAN,RR,COED,PVT,2001,JNTUH
GURU,GURU NANAK INSTITUTIONS TECHNICAL CAMPUS (AUTONOMOUS),IBRAHIMPATAN,RR,COED,PVT,2001,JNTUH
HITM,HYDERABAD INST OF TECHNOLOGY AND MGMT (AUTONOMOUS),MEDCHAL,MDL,COED,PVT,2001,JNTUH
HITM,HYDERABAD INST OF TECHNOLOGY AND MGMT (AUTONOMOUS),MEDCHAL,MDL,COED,PVT,2001,JNTUH
HITM,HYDERABAD INST OF TECHNOLOGY AND MGMT (AUTONOMOUS),MEDCHAL,MDL,COED,PVT,2001,JNTUH
HITM,HYDERABAD INST OF TECHNOLOGY AND MGMT (AUTONOMOUS),MEDCHAL,MDL,COED,PVT,2001,JNTUH
HITM,HYDERABAD INST OF TECHNOLOGY AND MGMT (AUTONOMOUS),MEDCHAL,MDL,COED,PVT,2001,JNTUH
HITM,HYDERABAD INST OF TECHNOLOGY AND MGMT (AUTONOMOUS),MEDCHAL,MDL,COED,PVT,2001,JNTUH
HOLY,HOLY MARY INSTITUTE OF TECH SCIENCE (AUTONOMOUS),KEESARA,MDL,COED,PVT,2001,JNTUH
HOLY,HOLY MARY INSTITUTE OF TECH SCIENCE (AUTONOMOUS),KEESARA,MDL,COED,PVT,2001,JNTUH
HOLY,HOLY MARY INSTITUTE OF TECH SCIENCE (AUTONOMOUS),KEESARA,MDL,COED,PVT,2001,JNTUH
HOLY,HOLY MARY INSTITUTE OF TECH SCIENCE (AUTONOMOUS),KEESARA,MDL,COED,PVT,2001,JNTUH
HOLY,HOLY MARY INSTITUTE OF TECH SCIENCE (AUTONOMOUS),KEESARA,MDL,COED,PVT,2001,JNTUH
HOLY,HOLY MARY INSTITUTE OF TECH SCIENCE (AUTONOMOUS),KEESARA,MDL,COED,PVT,2001,JNTUH
HOLY,HOLY MARY INSTITUTE OF TECH SCIENCE (AUTONOMOUS),KEESARA,MDL,COED,PVT,2001,JNTUH
HOLY,HOLY MARY INSTITUTE OF TECH SCIENCE (AUTONOMOUS),KEESARA,MDL,COED,PVT,2001,JNTUH
IARE,INSTITUTE OF AERONAUTICAL ENGINEERING,DUNDIGAL,MDL,COED,PVT,2000,JNTUH
IARE,INSTITUTE OF AERONAUTICAL ENGINEERING,DUNDIGAL,MDL,COED,PVT,2000,JNTUH
IARE,INSTITUTE OF AERONAUTICAL ENGINEERING,DUNDIGAL,MDL,COED,PVT,2000,JNTUH
IARE,INSTITUTE OF AERONAUTICAL ENGINEERING,DUNDIGAL,MDL,COED,PVT,2000,JNTUH
IARE,INSTITUTE OF AERONAUTICAL ENGINEERING,DUNDIGAL,MDL,COED,PVT,2000,JNTUH
IARE,INSTITUTE OF AERONAUTICAL ENGINEERING,DUNDIGAL,MDL,COED,PVT,2000,JNTUH
IARE,INSTITUTE OF AERONAUTICAL ENGINEERING,DUNDIGAL,MDL,COED,PVT,2000,JNTUH
IARE,INSTITUTE OF AERONAUTICAL ENGINEERING,DUNDIGAL,MDL,COED,PVT,2000,JNTUH
IARE,INSTITUTE OF AERONAUTICAL ENGINEERING,DUNDIGAL,MDL,COED,PVT,2000,JNTUH
IITT,INDUR INSTITUTE OF ENGINEERING AND TECHNOLOGY,SIDDIPET,SDP,COED,PVT,2001,JNTUH
IITT,INDUR INSTITUTE OF ENGINEERING AND TECHNOLOGY,SIDDIPET,SDP,COED,PVT,2001,JNTUH
IITT,INDUR INSTITUTE OF ENGINEERING AND TECHNOLOGY,SIDDIPET,SDP,COED,PVT,2001,JNTUH
IITT,INDUR INSTITUTE OF ENGINEERING AND TECHNOLOGY,SIDDIPET,SDP,COED,PVT,2001,JNTUH
IITT,INDUR INSTITUTE OF ENGINEERING AND TECHNOLOGY,SIDDIPET,SDP,COED,PVT,2001,JNTUH
INDI,SRI INDU INSTITUTE OF ENGINEERING AND TECHNOLOGY (AUTONOMOUS),IBRAHIMPATAN,RR,COED,PVT,2007,JNTUH
INDI,SRI INDU INSTITUTE OF ENGINEERING AND TECHNOLOGY (AUTONOMOUS),IBRAHIMPATAN,RR,COED,PVT,2007,JNTUH
INDI,SRI INDU INSTITUTE OF ENGINEERING AND TECHNOLOGY (AUTONOMOUS),IBRAHIMPATAN,RR,COED,PVT,2007,JNTUH
INDI,SRI INDU INSTITUTE OF ENGINEERING AND TECHNOLOGY (AUTONOMOUS),IBRAHIMPATAN,RR,COED,PVT,2007,JNTUH
INDI,SRI INDU INSTITUTE OF ENGINEERING AND TECHNOLOGY (AUTONOMOUS),IBRAHIMPATAN,RR,COED,PVT,2007,JNTUH
INDI,SRI INDU INSTITUTE OF ENGINEERING AND TECHNOLOGY (AUTONOMOUS),IBRAHIMPATAN,RR,COED,PVT,2007,JNTUH
INDI,SRI INDU INSTITUTE OF ENGINEERING AND TECHNOLOGY (AUTONOMOUS),IBRAHIMPATAN,RR,COED,PVT,2007,JNTUH
INDI,SRI INDU INSTITUTE OF ENGINEERING AND TECHNOLOGY (AUTONOMOUS),IBRAHIMPATAN,RR,COED,PVT,2007,JNTUH
INDU,SRI INDU COLLEGE OF ENGG AND TECHNOLOGY (AUTONOMOUS),IBRAHIMPATAN,RR,COED,PVT,2001,JNTUH
INDU,SRI INDU COLLEGE OF ENGG AND TECHNOLOGY (AUTONOMOUS),IBRAHIMPATAN,RR,COED,PVT,2001,JNTUH
INDU,SRI INDU COLLEGE OF ENGG AND TECHNOLOGY (AUTONOMOUS),IBRAHIMPATAN,RR,COED,PVT,2001,JNTUH
INDU,SRI INDU COLLEGE OF ENGG AND TECHNOLOGY (AUTONOMOUS),IBRAHIMPATAN,RR,COED,PVT,2001,JNTUH
INDU,SRI INDU COLLEGE OF ENGG AND TECHNOLOGY (AUTONOMOUS),IBRAHIMPATAN,RR,COED,PVT,2001,JNTUH
INDU,SRI INDU COLLEGE OF ENGG AND TECHNOLOGY (AUTONOMOUS),IBRAHIMPATAN,RR,COED,PVT,2001,JNTUH
INDU,SRI INDU COLLEGE OF ENGG AND TECHNOLOGY (AUTONOMOUS),IBRAHIMPATAN,RR,COED,PVT,2001,JNTUH
INDU,SRI INDU COLLEGE OF ENGG AND TECHNOLOGY (AUTONOMOUS),IBRAHIMPATAN,RR,COED,PVT,2001,JNTUH
INDU,SRI INDU COLLEGE OF ENGG AND TECHNOLOGY (AUTONOMOUS),IBRAHIMPATAN,RR,COED,PVT,2001,JNTUH
INDU,SRI INDU COLLEGE OF ENGG AND TECHNOLOGY (AUTONOMOUS),IBRAHIMPATAN,RR,COED,PVT,2001,JNTUH
INDU,SRI INDU COLLEGE OF ENGG AND TECHNOLOGY (AUTONOMOUS),IBRAHIMPATAN,RR,COED,PVT,2001,JNTUH
JAYA,JAYAMUKHI INSTITUTE OF TECHNOLOGY AND SCIS  (AUTONOMOUS),NARSAMPET,WGL,COED,PVT,2001,JNTUH
JAYA,JAYAMUKHI INSTITUTE OF TECHNOLOGY AND SCIS  (AUTONOMOUS),NARSAMPET,WGL,COED,PVT,2001,JNTUH
JAYA,JAYAMUKHI INSTITUTE OF TECHNOLOGY AND SCIS  (AUTONOMOUS),NARSAMPET,WGL,COED,PVT,2001,JNTUH
JAYA,JAYAMUKHI INSTITUTE OF TECHNOLOGY AND SCIS  (AUTONOMOUS),NARSAMPET,WGL,COED,PVT,2001,JNTUH
JAYA,JAYAMUKHI INSTITUTE OF TECHNOLOGY AND SCIS  (AUTONOMOUS),NARSAMPET,WGL,COED,PVT,2001,JNTUH
JAYA,JAYAMUKHI INSTITUTE OF TECHNOLOGY AND SCIS  (AUTONOMOUS),NARSAMPET,WGL,COED,PVT,2001,JNTUH
JAYA,JAYAMUKHI INSTITUTE OF TECHNOLOGY AND SCIS  (AUTONOMOUS),NARSAMPET,WGL,COED,PVT,2001,JNTUH
JBIT,J B INSTITUTE OF ENGG AND TECHNOLOGY (AUTONOMOUS),YENKAPALLY,RR,COED,PVT,1998,JNTUH
JBIT,J B INSTITUTE OF ENGG AND TECHNOLOGY (AUTONOMOUS),YENKAPALLY,RR,COED,PVT,1998,JNTUH
JBIT,J B INSTITUTE OF ENGG AND TECHNOLOGY (AUTONOMOUS),YENKAPALLY,RR,COED,PVT,1998,JNTUH
JBIT,J B INSTITUTE OF ENGG AND TECHNOLOGY (AUTONOMOUS),YENKAPALLY,RR,COED,PVT,1998,JNTUH
JBIT,J B INSTITUTE OF ENGG AND TECHNOLOGY (AUTONOMOUS),YENKAPALLY,RR,COED,PVT,1998,JNTUH
JBIT,J B INSTITUTE OF ENGG AND TECHNOLOGY (AUTONOMOUS),YENKAPALLY,RR,COED,PVT,1998,JNTUH
JBIT,J B INSTITUTE OF ENGG AND TECHNOLOGY (AUTONOMOUS),YENKAPALLY,RR,COED,PVT,1998,JNTUH
JBIT,J B INSTITUTE OF ENGG AND TECHNOLOGY (AUTONOMOUS),YENKAPALLY,RR,COED,PVT,1998,JNTUH
JBIT,J B INSTITUTE OF ENGG AND TECHNOLOGY (AUTONOMOUS),YENKAPALLY,RR,COED,PVT,1998,JNTUH
JBIT,J B INSTITUTE OF ENGG AND TECHNOLOGY (AUTONOMOUS),YENKAPALLY,RR,COED,PVT,1998,JNTUH
JBIT,J B INSTITUTE OF ENGG AND TECHNOLOGY (AUTONOMOUS),YENKAPALLY,RR,COED,PVT,1998,JNTUH
JMTS,JYOTHISHMATHI INSTITUTE OF TECHNOLOGY AND SCI (AUTONOMOUS),KARIMNAGAR,KRM,COED,PVT,1997,JNTUH
JMTS,JYOTHISHMATHI INSTITUTE OF TECHNOLOGY AND SCI (AUTONOMOUS),KARIMNAGAR,KRM,COED,PVT,1997,JNTUH
JMTS,JYOTHISHMATHI INSTITUTE OF TECHNOLOGY AND SCI (AUTONOMOUS),KARIMNAGAR,KRM,COED,PVT,1997,JNTUH
JMTS,JYOTHISHMATHI INSTITUTE OF TECHNOLOGY AND SCI (AUTONOMOUS),KARIMNAGAR,KRM,COED,PVT,1997,JNTUH
JNKR,JNTUH UNIVERSITY COLLEGE OF ENGINEERING  JAGITIAL (AUTONOMOUS),JAGITIAL,JTL,COED,UNIV,2007,JNTUH
JNKR,JNTUH UNIVERSITY COLLEGE OF ENGINEERING  JAGITIAL (AUTONOMOUS),JAGITIAL,JTL,COED,UNIV,2007,JNTUH
JNKR,JNTUH UNIVERSITY COLLEGE OF ENGINEERING  JAGITIAL (AUTONOMOUS),JAGITIAL,JTL,COED,UNIV,2007,JNTUH
JNKR,JNTUH UNIVERSITY COLLEGE OF ENGINEERING  JAGITIAL (AUTONOMOUS),JAGITIAL,JTL,COED,UNIV,2007,JNTUH
JNKR,JNTUH UNIVERSITY COLLEGE OF ENGINEERING  JAGITIAL (AUTONOMOUS),JAGITIAL,JTL,COED,UNIV,2007,JNTUH
JNMB,JNTUH UNIVERSITY COLLEGE OF ENGINEERING  MAHABUBABAD,MAHABUBABAD,MHB,COED,UNIV,2023,JNTUH
JNMB,JNTUH UNIVERSITY COLLEGE OF ENGINEERING  MAHABUBABAD,MAHABUBABAD,MHB,COED,UNIV,2023,JNTUH
JNMB,JNTUH UNIVERSITY COLLEGE OF ENGINEERING  MAHABUBABAD,MAHABUBABAD,MHB,COED,UNIV,2023,JNTUH
JNMB,JNTUH UNIVERSITY COLLEGE OF ENGINEERING  MAHABUBABAD,MAHABUBABAD,MHB,COED,UNIV,2023,JNTUH
JNMB,JNTUH UNIVERSITY COLLEGE OF ENGINEERING  MAHABUBABAD,MAHABUBABAD,MHB,COED,UNIV,2023,JNTUH
JNPASF,JNAFAU SCHOOL OF PLANNING AND ARCH - SELF FINANCE,MASABTANK,HYD,COED,SF,2008,CONSTITUENT COLLEGE
JNPASF,JNAFAU SCHOOL OF PLANNING AND ARCH - SELF FINANCE,MASABTANK,HYD,COED,SF,2008,CONSTITUENT COLLEGE
JNPASF,JNAFAU SCHOOL OF PLANNING AND ARCH - SELF FINANCE,MASABTANK,HYD,COED,SF,2008,CONSTITUENT COLLEGE
JNPL,JNTUH UNIVERSITY COLLEGE OF ENGINEERING  PALAIR,PALAIR,KHM,COED,UNIV,2023,JNTUH
JNPL,JNTUH UNIVERSITY COLLEGE OF ENGINEERING  PALAIR,PALAIR,KHM,COED,UNIV,2023,JNTUH
JNPL,JNTUH UNIVERSITY COLLEGE OF ENGINEERING  PALAIR,PALAIR,KHM,COED,UNIV,2023,JNTUH
JNPL,JNTUH UNIVERSITY COLLEGE OF ENGINEERING  PALAIR,PALAIR,KHM,COED,UNIV,2023,JNTUH
JNPL,JNTUH UNIVERSITY COLLEGE OF ENGINEERING  PALAIR,PALAIR,KHM,COED,UNIV,2023,JNTUH
JNTH,JNTUH UNIVERSITY COLLEGE OF ENGG SCI AND TECH HYDERABAD,HYDERABAD,MDL,COED,UNIV,1965,JNTUH
JNTH,JNTUH UNIVERSITY COLLEGE OF ENGG SCI AND TECH HYDERABAD,HYDERABAD,MDL,COED,UNIV,1965,JNTUH
JNTH,JNTUH UNIVERSITY COLLEGE OF ENGG SCI AND TECH HYDERABAD,HYDERABAD,MDL,COED,UNIV,1965,JNTUH
JNTH,JNTUH UNIVERSITY COLLEGE OF ENGG SCI AND TECH HYDERABAD,HYDERABAD,MDL,COED,UNIV,1965,JNTUH
JNTH,JNTUH UNIVERSITY COLLEGE OF ENGG SCI AND TECH HYDERABAD,HYDERABAD,MDL,COED,UNIV,1965,JNTUH
JNTH,JNTUH UNIVERSITY COLLEGE OF ENGG SCI AND TECH HYDERABAD,HYDERABAD,MDL,COED,UNIV,1965,JNTUH
JNTH,JNTUH UNIVERSITY COLLEGE OF ENGG SCI AND TECH HYDERABAD,HYDERABAD,MDL,COED,UNIV,1965,JNTUH
JNTH,JNTUH UNIVERSITY COLLEGE OF ENGG SCI AND TECH HYDERABAD,HYDERABAD,MDL,COED,UNIV,1965,JNTUH
JNTH,JNTUH UNIVERSITY COLLEGE OF ENGG SCI AND TECH HYDERABAD,HYDERABAD,MDL,COED,UNIV,1965,JNTUH
JNTH,JNTUH UNIVERSITY COLLEGE OF ENGG SCI AND TECH HYDERABAD,HYDERABAD,MDL,COED,UNIV,1965,JNTUH
JNTH,JNTUH UNIVERSITY COLLEGE OF ENGG SCI AND TECH HYDERABAD,HYDERABAD,MDL,COED,UNIV,1965,JNTUH
JNTHMT,JNTUH UNIVERSITY COLLEGE OF ENGG SCI AND TECH  -5 YEAR INTEGRATED MTECH  SELF FINANCE,KUKATPALLY,MDL,COED,SF,1965,JNTUH
JNTHMT,JNTUH UNIVERSITY COLLEGE OF ENGG SCI AND TECH  -5 YEAR INTEGRATED MTECH  SELF FINANCE,KUKATPALLY,MDL,COED,SF,1965,JNTUH
JNTHMT,JNTUH UNIVERSITY COLLEGE OF ENGG SCI AND TECH  -5 YEAR INTEGRATED MTECH  SELF FINANCE,KUKATPALLY,MDL,COED,SF,1965,JNTUH
JNTHMT,JNTUH UNIVERSITY COLLEGE OF ENGG SCI AND TECH  -5 YEAR INTEGRATED MTECH  SELF FINANCE,KUKATPALLY,MDL,COED,SF,1965,JNTUH
JNTHMT,JNTUH UNIVERSITY COLLEGE OF ENGG SCI AND TECH  -5 YEAR INTEGRATED MTECH  SELF FINANCE,KUKATPALLY,MDL,COED,SF,1965,JNTUH
JNTHMT,JNTUH UNIVERSITY COLLEGE OF ENGG SCI AND TECH  -5 YEAR INTEGRATED MTECH  SELF FINANCE,KUKATPALLY,MDL,COED,SF,1965,JNTUH
JNTM,JNTUH UNIVERSITY COLLEGE OF ENGG  MANTHANI,MANTHANI,PDL,COED,UNIV,2010,JNTUH
JNTM,JNTUH UNIVERSITY COLLEGE OF ENGG  MANTHANI,MANTHANI,PDL,COED,UNIV,2010,JNTUH
JNTM,JNTUH UNIVERSITY COLLEGE OF ENGG  MANTHANI,MANTHANI,PDL,COED,UNIV,2010,JNTUH
JNTM,JNTUH UNIVERSITY COLLEGE OF ENGG  MANTHANI,MANTHANI,PDL,COED,UNIV,2010,JNTUH
JNTM,JNTUH UNIVERSITY COLLEGE OF ENGG  MANTHANI,MANTHANI,PDL,COED,UNIV,2010,JNTUH
JNTM,JNTUH UNIVERSITY COLLEGE OF ENGG  MANTHANI,MANTHANI,PDL,COED,UNIV,2010,JNTUH
JNTR,JNTUH UNIVERSITY COLLEGE OF ENGINEERING RAJANNA SIRCILLA,AGRAHARAM RAJANNA SIRCILLA,SRC,COED,UNIV,2021,JNTUH
JNTR,JNTUH UNIVERSITY COLLEGE OF ENGINEERING RAJANNA SIRCILLA,AGRAHARAM RAJANNA SIRCILLA,SRC,COED,UNIV,2021,JNTUH
JNTR,JNTUH UNIVERSITY COLLEGE OF ENGINEERING RAJANNA SIRCILLA,AGRAHARAM RAJANNA SIRCILLA,SRC,COED,UNIV,2021,JNTUH
JNTR,JNTUH UNIVERSITY COLLEGE OF ENGINEERING RAJANNA SIRCILLA,AGRAHARAM RAJANNA SIRCILLA,SRC,COED,UNIV,2021,JNTUH
JNTR,JNTUH UNIVERSITY COLLEGE OF ENGINEERING RAJANNA SIRCILLA,AGRAHARAM RAJANNA SIRCILLA,SRC,COED,UNIV,2021,JNTUH
JNTR,JNTUH UNIVERSITY COLLEGE OF ENGINEERING RAJANNA SIRCILLA,AGRAHARAM RAJANNA SIRCILLA,SRC,COED,UNIV,2021,JNTUH
JNTS,JNTUH UNIVERSITY COLLEGE OF ENGINEERING  SULTANPUR,SULTANPUR,SRD,COED,UNIV,2012,JNTUH
JNTS,JNTUH UNIVERSITY COLLEGE OF ENGINEERING  SULTANPUR,SULTANPUR,SRD,COED,UNIV,2012,JNTUH
JNTS,JNTUH UNIVERSITY COLLEGE OF ENGINEERING  SULTANPUR,SULTANPUR,SRD,COED,UNIV,2012,JNTUH
JNTS,JNTUH UNIVERSITY COLLEGE OF ENGINEERING  SULTANPUR,SULTANPUR,SRD,COED,UNIV,2012,JNTUH
JNTS,JNTUH UNIVERSITY COLLEGE OF ENGINEERING  SULTANPUR,SULTANPUR,SRD,COED,UNIV,2012,JNTUH
JNTS,JNTUH UNIVERSITY COLLEGE OF ENGINEERING  SULTANPUR,SULTANPUR,SRD,COED,UNIV,2012,JNTUH
JNWN,JNTUH UNIVERSITY COLLEGE OF ENGINEERING WANAPARTHY,NARSINGAYAPALLY VILLAGE,WNP,COED,UNIV,2022,JNTUH
JNWN,JNTUH UNIVERSITY COLLEGE OF ENGINEERING WANAPARTHY,NARSINGAYAPALLY VILLAGE,WNP,COED,UNIV,2022,JNTUH
JNWN,JNTUH UNIVERSITY COLLEGE OF ENGINEERING WANAPARTHY,NARSINGAYAPALLY VILLAGE,WNP,COED,UNIV,2022,JNTUH
JNWN,JNTUH UNIVERSITY COLLEGE OF ENGINEERING WANAPARTHY,NARSINGAYAPALLY VILLAGE,WNP,COED,UNIV,2022,JNTUH
JNWN,JNTUH UNIVERSITY COLLEGE OF ENGINEERING WANAPARTHY,NARSINGAYAPALLY VILLAGE,WNP,COED,UNIV,2022,JNTUH
JOGI,JOGINPALLY B R ENGINEERING COLLEGE (AUTONOMOUS),YENKAPALLY,RR,COED,PVT,2002,JNTUH
JOGI,JOGINPALLY B R ENGINEERING COLLEGE (AUTONOMOUS),YENKAPALLY,RR,COED,PVT,2002,JNTUH
JOGI,JOGINPALLY B R ENGINEERING COLLEGE (AUTONOMOUS),YENKAPALLY,RR,COED,PVT,2002,JNTUH
JOGI,JOGINPALLY B R ENGINEERING COLLEGE (AUTONOMOUS),YENKAPALLY,RR,COED,PVT,2002,JNTUH
JOGI,JOGINPALLY B R ENGINEERING COLLEGE (AUTONOMOUS),YENKAPALLY,RR,COED,PVT,2002,JNTUH
JOGI,JOGINPALLY B R ENGINEERING COLLEGE (AUTONOMOUS),YENKAPALLY,RR,COED,PVT,2002,JNTUH
JOGI,JOGINPALLY B R ENGINEERING COLLEGE (AUTONOMOUS),YENKAPALLY,RR,COED,PVT,2002,JNTUH
JPNE,JAYA PRAKASH NARAYAN COLLEGE OF ENGINEERING,MAHABUBNAGAR,MBN,COED,PVT,1997,JNTUH
JPNE,JAYA PRAKASH NARAYAN COLLEGE OF ENGINEERING,MAHABUBNAGAR,MBN,COED,PVT,1997,JNTUH
JPNE,JAYA PRAKASH NARAYAN COLLEGE OF ENGINEERING,MAHABUBNAGAR,MBN,COED,PVT,1997,JNTUH
JPNE,JAYA PRAKASH NARAYAN COLLEGE OF ENGINEERING,MAHABUBNAGAR,MBN,COED,PVT,1997,JNTUH
JPNE,JAYA PRAKASH NARAYAN COLLEGE OF ENGINEERING,MAHABUBNAGAR,MBN,COED,PVT,1997,JNTUH
JPNE,JAYA PRAKASH NARAYAN COLLEGE OF ENGINEERING,MAHABUBNAGAR,MBN,COED,PVT,1997,JNTUH
JPNE,JAYA PRAKASH NARAYAN COLLEGE OF ENGINEERING,MAHABUBNAGAR,MBN,COED,PVT,1997,JNTUH
KCEA,KSHATRIYA COLLEGE OF ENGINEERING,ARMOOR,NZB,COED,PVT,2001,JNTUH
KCEA,KSHATRIYA COLLEGE OF ENGINEERING,ARMOOR,NZB,COED,PVT,2001,JNTUH
KCEA,KSHATRIYA COLLEGE OF ENGINEERING,ARMOOR,NZB,COED,PVT,2001,JNTUH
KCEA,KSHATRIYA COLLEGE OF ENGINEERING,ARMOOR,NZB,COED,PVT,2001,JNTUH
KCEA,KSHATRIYA COLLEGE OF ENGINEERING,ARMOOR,NZB,COED,PVT,2001,JNTUH
KDDW,KODADA INST OF TECHNOLOGY AND SCIENCE FOR WOMEN,KODADA,SRP,GIRLS,PVT,2008,JNTUH
KDDW,KODADA INST OF TECHNOLOGY AND SCIENCE FOR WOMEN,KODADA,SRP,GIRLS,PVT,2008,JNTUH
KDDW,KODADA INST OF TECHNOLOGY AND SCIENCE FOR WOMEN,KODADA,SRP,GIRLS,PVT,2008,JNTUH
KDDW,KODADA INST OF TECHNOLOGY AND SCIENCE FOR WOMEN,KODADA,SRP,GIRLS,PVT,2008,JNTUH
KGRH,KG REDDY COLLEGE OF ENGG AND TECHNOLOGY (AUTONOMOUS),MOINABAD,RR,COED,PVT,2008,JNTUH
KGRH,KG REDDY COLLEGE OF ENGG AND TECHNOLOGY (AUTONOMOUS),MOINABAD,RR,COED,PVT,2008,JNTUH
KGRH,KG REDDY COLLEGE OF ENGG AND TECHNOLOGY (AUTONOMOUS),MOINABAD,RR,COED,PVT,2008,JNTUH
KGRH,KG REDDY COLLEGE OF ENGG AND TECHNOLOGY (AUTONOMOUS),MOINABAD,RR,COED,PVT,2008,JNTUH
KGRH,KG REDDY COLLEGE OF ENGG AND TECHNOLOGY (AUTONOMOUS),MOINABAD,RR,COED,PVT,2008,JNTUH
KGRH,KG REDDY COLLEGE OF ENGG AND TECHNOLOGY (AUTONOMOUS),MOINABAD,RR,COED,PVT,2008,JNTUH
KITS,KAKATIYA INSTITUTE OF TECHNOLOGY AND SCI,WARANGAL,HNK,COED,PVT,1980,KU
KITS,KAKATIYA INSTITUTE OF TECHNOLOGY AND SCI,WARANGAL,HNK,COED,PVT,1980,KU
KITS,KAKATIYA INSTITUTE OF TECHNOLOGY AND SCI,WARANGAL,HNK,COED,PVT,1980,KU
KITS,KAKATIYA INSTITUTE OF TECHNOLOGY AND SCI,WARANGAL,HNK,COED,PVT,1980,KU
KITS,KAKATIYA INSTITUTE OF TECHNOLOGY AND SCI,WARANGAL,HNK,COED,PVT,1980,KU
KITS,KAKATIYA INSTITUTE OF TECHNOLOGY AND SCI,WARANGAL,HNK,COED,PVT,1980,KU
KITS,KAKATIYA INSTITUTE OF TECHNOLOGY AND SCI,WARANGAL,HNK,COED,PVT,1980,KU
KITS,KAKATIYA INSTITUTE OF TECHNOLOGY AND SCI,WARANGAL,HNK,COED,PVT,1980,KU
KITS,KAKATIYA INSTITUTE OF TECHNOLOGY AND SCI,WARANGAL,HNK,COED,PVT,1980,KU
KITS,KAKATIYA INSTITUTE OF TECHNOLOGY AND SCI,WARANGAL,HNK,COED,PVT,1980,KU
KITS,KAKATIYA INSTITUTE OF TECHNOLOGY AND SCI,WARANGAL,HNK,COED,PVT,1980,KU
KITW,KAKATIYA INST OF TECHNOLOGY SCI FOR WOMEN,NIZAMABAD,NZB,GIRLS,PVT,2009,JNTUH
KITW,KAKATIYA INST OF TECHNOLOGY SCI FOR WOMEN,NIZAMABAD,NZB,GIRLS,PVT,2009,JNTUH
KITW,KAKATIYA INST OF TECHNOLOGY SCI FOR WOMEN,NIZAMABAD,NZB,GIRLS,PVT,2009,JNTUH
KLRT,KLRCOLLEGE OF ENGG AND TECHNOLOGY PALONCHA,PALONCHA,KGM,COED,PVT,2008,JNTUH
KLRT,KLRCOLLEGE OF ENGG AND TECHNOLOGY PALONCHA,PALONCHA,KGM,COED,PVT,2008,JNTUH
KLRT,KLRCOLLEGE OF ENGG AND TECHNOLOGY PALONCHA,PALONCHA,KGM,COED,PVT,2008,JNTUH
KLRT,KLRCOLLEGE OF ENGG AND TECHNOLOGY PALONCHA,PALONCHA,KGM,COED,PVT,2008,JNTUH
KLRT,KLRCOLLEGE OF ENGG AND TECHNOLOGY PALONCHA,PALONCHA,KGM,COED,PVT,2008,JNTUH
KLRT,KLRCOLLEGE OF ENGG AND TECHNOLOGY PALONCHA,PALONCHA,KGM,COED,PVT,2008,JNTUH
KLRT,KLRCOLLEGE OF ENGG AND TECHNOLOGY PALONCHA,PALONCHA,KGM,COED,PVT,2008,JNTUH
KLRT,KLRCOLLEGE OF ENGG AND TECHNOLOGY PALONCHA,PALONCHA,KGM,COED,PVT,2008,JNTUH
KMCE,KESHAV MEMORIAL COLLEGE OF ENGINEERING,IBRAHIMPATAN,RR,COED,PVT,2004,JNTUH
KMCE,KESHAV MEMORIAL COLLEGE OF ENGINEERING,IBRAHIMPATAN,RR,COED,PVT,2004,JNTUH
KMCE,KESHAV MEMORIAL COLLEGE OF ENGINEERING,IBRAHIMPATAN,RR,COED,PVT,2004,JNTUH
KMEC,KESHAV MEMORIAL ENGINEERING COLLEGE,KACHWANISINGARAM,MDL,COED,PVT,2021,OU
KMEC,KESHAV MEMORIAL ENGINEERING COLLEGE,KACHWANISINGARAM,MDL,COED,PVT,2021,OU
KMIT,KESHAV MEMORIAL INST OF TECHNOLOGY,NARAYANAGUDA,HYD,COED,PVT,2007,JNTUH
KMIT,KESHAV MEMORIAL INST OF TECHNOLOGY,NARAYANAGUDA,HYD,COED,PVT,2007,JNTUH
KNRR,KASIREDDY NARAYANAREDDY COLL ENGG RES,HAYATHNAGAR,RR,COED,PVT,2008,JNTUH
KNRR,KASIREDDY NARAYANAREDDY COLL ENGG RES,HAYATHNAGAR,RR,COED,PVT,2008,JNTUH
KNRR,KASIREDDY NARAYANAREDDY COLL ENGG RES,HAYATHNAGAR,RR,COED,PVT,2008,JNTUH
KNRR,KASIREDDY NARAYANAREDDY COLL ENGG RES,HAYATHNAGAR,RR,COED,PVT,2008,JNTUH
KNRR,KASIREDDY NARAYANAREDDY COLL ENGG RES,HAYATHNAGAR,RR,COED,PVT,2008,JNTUH
KNRR,KASIREDDY NARAYANAREDDY COLL ENGG RES,HAYATHNAGAR,RR,COED,PVT,2008,JNTUH
KNRR,KASIREDDY NARAYANAREDDY COLL ENGG RES,HAYATHNAGAR,RR,COED,PVT,2008,JNTUH
KNRR,KASIREDDY NARAYANAREDDY COLL ENGG RES,HAYATHNAGAR,RR,COED,PVT,2008,JNTUH
KPRC,KPRIT COLLEGE OF ENGINEERING,GHATKESAR,MDL,COED,PVT,2023,OU
KPRC,KPRIT COLLEGE OF ENGINEERING,GHATKESAR,MDL,COED,PVT,2023,OU
KPRT,KOMMURI PRATAP REDDY INST OF TECHNOLOGY  (AUTONOMOUS),GHATKESAR,MDL,COED,PVT,2008,JNTUH
KPRT,KOMMURI PRATAP REDDY INST OF TECHNOLOGY  (AUTONOMOUS),GHATKESAR,MDL,COED,PVT,2008,JNTUH
KPRT,KOMMURI PRATAP REDDY INST OF TECHNOLOGY  (AUTONOMOUS),GHATKESAR,MDL,COED,PVT,2008,JNTUH
KPRT,KOMMURI PRATAP REDDY INST OF TECHNOLOGY  (AUTONOMOUS),GHATKESAR,MDL,COED,PVT,2008,JNTUH
KSGI,GOVERNMENT ENGINEERING COLLEGE KOSGI,KOSGI,NPT,COED,GOV,2024,JNTUH
KSGI,GOVERNMENT ENGINEERING COLLEGE KOSGI,KOSGI,NPT,COED,GOV,2024,JNTUH
KSGI,GOVERNMENT ENGINEERING COLLEGE KOSGI,KOSGI,NPT,COED,GOV,2024,JNTUH
KTKM,KAMALA INSTITUTE OF TECHNOLOGY AND SCIENCE (AUTONOMOUS),HUZURABAD,KRM,COED,PVT,1997,JNTUH
KTKM,KAMALA INSTITUTE OF TECHNOLOGY AND SCIENCE (AUTONOMOUS),HUZURABAD,KRM,COED,PVT,1997,JNTUH
KTKM,KAMALA INSTITUTE OF TECHNOLOGY AND SCIENCE (AUTONOMOUS),HUZURABAD,KRM,COED,PVT,1997,JNTUH
KTKM,KAMALA INSTITUTE OF TECHNOLOGY AND SCIENCE (AUTONOMOUS),HUZURABAD,KRM,COED,PVT,1997,JNTUH
KTKM,KAMALA INSTITUTE OF TECHNOLOGY AND SCIENCE (AUTONOMOUS),HUZURABAD,KRM,COED,PVT,1997,JNTUH
KTKM,KAMALA INSTITUTE OF TECHNOLOGY AND SCIENCE (AUTONOMOUS),HUZURABAD,KRM,COED,PVT,1997,JNTUH
KTKM,KAMALA INSTITUTE OF TECHNOLOGY AND SCIENCE (AUTONOMOUS),HUZURABAD,KRM,COED,PVT,1997,JNTUH
KTKM,KAMALA INSTITUTE OF TECHNOLOGY AND SCIENCE (AUTONOMOUS),HUZURABAD,KRM,COED,PVT,1997,JNTUH
KUCE,K U COLLEGE OF ENGG  KOTHAGUDEM,KOTHAGUDEM,KGM,COED,UNIV,1976,KU
KUCE,K U COLLEGE OF ENGG  KOTHAGUDEM,KOTHAGUDEM,KGM,COED,UNIV,1976,KU
KUCE,K U COLLEGE OF ENGG  KOTHAGUDEM,KOTHAGUDEM,KGM,COED,UNIV,1976,KU
KUCESF,K U COLLEGE OF ENGG  KOTHAGUDEM - SELF FINANCE,KOTHAGUDEM,KGM,COED,SF,2012,KU
KUCESF,K U COLLEGE OF ENGG  KOTHAGUDEM - SELF FINANCE,KOTHAGUDEM,KGM,COED,SF,2012,KU
KUCESF,K U COLLEGE OF ENGG  KOTHAGUDEM - SELF FINANCE,KOTHAGUDEM,KGM,COED,SF,2012,KU
KUCESF,K U COLLEGE OF ENGG  KOTHAGUDEM - SELF FINANCE,KOTHAGUDEM,KGM,COED,SF,2012,KU
KUCESF,K U COLLEGE OF ENGG  KOTHAGUDEM - SELF FINANCE,KOTHAGUDEM,KGM,COED,SF,2012,KU
KUEWSF,UNIVERSITY COLLEGE OF ENGG AND TECH FOR WOMEN KU CAMPUS,WARANGAL,HNK,GIRLS,SF,2013,KU
KUEWSF,UNIVERSITY COLLEGE OF ENGG AND TECH FOR WOMEN KU CAMPUS,WARANGAL,HNK,GIRLS,SF,2013,KU
KUEWSF,UNIVERSITY COLLEGE OF ENGG AND TECH FOR WOMEN KU CAMPUS,WARANGAL,HNK,GIRLS,SF,2013,KU
KUEWSF,UNIVERSITY COLLEGE OF ENGG AND TECH FOR WOMEN KU CAMPUS,WARANGAL,HNK,GIRLS,SF,2013,KU
KUEWSF,UNIVERSITY COLLEGE OF ENGG AND TECH FOR WOMEN KU CAMPUS,WARANGAL,HNK,GIRLS,SF,2013,KU
KUEWSF,UNIVERSITY COLLEGE OF ENGG AND TECH FOR WOMEN KU CAMPUS,WARANGAL,HNK,GIRLS,SF,2013,KU
KUWL,KU COLLEGE OF ENGINEERING  AND TECHNOLOGY,WARANGAL,HNK,COED,UNIV,2009,KU
KUWL,KU COLLEGE OF ENGINEERING  AND TECHNOLOGY,WARANGAL,HNK,COED,UNIV,2009,KU
KUWL,KU COLLEGE OF ENGINEERING  AND TECHNOLOGY,WARANGAL,HNK,COED,UNIV,2009,KU
KUWL,KU COLLEGE OF ENGINEERING  AND TECHNOLOGY,WARANGAL,HNK,COED,UNIV,2009,KU
KUWL,KU COLLEGE OF ENGINEERING  AND TECHNOLOGY,WARANGAL,HNK,COED,UNIV,2009,KU
KUWL,KU COLLEGE OF ENGINEERING  AND TECHNOLOGY,WARANGAL,HNK,COED,UNIV,2009,KU
KUWL,KU COLLEGE OF ENGINEERING  AND TECHNOLOGY,WARANGAL,HNK,COED,UNIV,2009,KU
MDRK,MADHIRA INSTITUTE OF TECHNOLOGY AND SCI,KODAD,SRP,COED,PVT,2001,JNTUH
MDRK,MADHIRA INSTITUTE OF TECHNOLOGY AND SCI,KODAD,SRP,COED,PVT,2001,JNTUH
MDRK,MADHIRA INSTITUTE OF TECHNOLOGY AND SCI,KODAD,SRP,COED,PVT,2001,JNTUH
MDRK,MADHIRA INSTITUTE OF TECHNOLOGY AND SCI,KODAD,SRP,COED,PVT,2001,JNTUH
MDRK,MADHIRA INSTITUTE OF TECHNOLOGY AND SCI,KODAD,SRP,COED,PVT,2001,JNTUH
MECS,MATRUSRI ENGINEERING COLLEGE ( AUTONOMOUS),HYDERABAD,HYD,COED,PVT,2011,OU
MECS,MATRUSRI ENGINEERING COLLEGE ( AUTONOMOUS),HYDERABAD,HYD,COED,PVT,2011,OU
MECS,MATRUSRI ENGINEERING COLLEGE ( AUTONOMOUS),HYDERABAD,HYD,COED,PVT,2011,OU
MECS,MATRUSRI ENGINEERING COLLEGE ( AUTONOMOUS),HYDERABAD,HYD,COED,PVT,2011,OU
MECS,MATRUSRI ENGINEERING COLLEGE ( AUTONOMOUS),HYDERABAD,HYD,COED,PVT,2011,OU
MECS,MATRUSRI ENGINEERING COLLEGE ( AUTONOMOUS),HYDERABAD,HYD,COED,PVT,2011,OU
MECS,MATRUSRI ENGINEERING COLLEGE ( AUTONOMOUS),HYDERABAD,HYD,COED,PVT,2011,OU
MECS,MATRUSRI ENGINEERING COLLEGE ( AUTONOMOUS),HYDERABAD,HYD,COED,PVT,2011,OU
METH,METHODIST COLLEGE OF ENGINEERING AND TECHNOLOGY (AUTONOMOUS),ABIDS,HYD,COED,PVT,2008,OU
METH,METHODIST COLLEGE OF ENGINEERING AND TECHNOLOGY (AUTONOMOUS),ABIDS,HYD,COED,PVT,2008,OU
METH,METHODIST COLLEGE OF ENGINEERING AND TECHNOLOGY (AUTONOMOUS),ABIDS,HYD,COED,PVT,2008,OU
METH,METHODIST COLLEGE OF ENGINEERING AND TECHNOLOGY (AUTONOMOUS),ABIDS,HYD,COED,PVT,2008,OU
METH,METHODIST COLLEGE OF ENGINEERING AND TECHNOLOGY (AUTONOMOUS),ABIDS,HYD,COED,PVT,2008,OU
METH,METHODIST COLLEGE OF ENGINEERING AND TECHNOLOGY (AUTONOMOUS),ABIDS,HYD,COED,PVT,2008,OU
METH,METHODIST COLLEGE OF ENGINEERING AND TECHNOLOGY (AUTONOMOUS),ABIDS,HYD,COED,PVT,2008,OU
MGHA,MEGHA INST OF ENGG AND TECHNOLOGY FOR WOMEN,GHATKESAR,MDL,GIRLS,PVT,2008,JNTUH
MGHA,MEGHA INST OF ENGG AND TECHNOLOGY FOR WOMEN,GHATKESAR,MDL,GIRLS,PVT,2008,JNTUH
MGHA,MEGHA INST OF ENGG AND TECHNOLOGY FOR WOMEN,GHATKESAR,MDL,GIRLS,PVT,2008,JNTUH
MGHA,MEGHA INST OF ENGG AND TECHNOLOGY FOR WOMEN,GHATKESAR,MDL,GIRLS,PVT,2008,JNTUH
MGHA,MEGHA INST OF ENGG AND TECHNOLOGY FOR WOMEN,GHATKESAR,MDL,GIRLS,PVT,2008,JNTUH
MGHA,MEGHA INST OF ENGG AND TECHNOLOGY FOR WOMEN,GHATKESAR,MDL,GIRLS,PVT,2008,JNTUH
MGIT,MAHATMA GANDHI INSTITUTE OF TECHNOLOGY (AUTONOMOUS),GANDIPET,RR,COED,PVT,1997,JNTUH
MGIT,MAHATMA GANDHI INSTITUTE OF TECHNOLOGY (AUTONOMOUS),GANDIPET,RR,COED,PVT,1997,JNTUH
MGIT,MAHATMA GANDHI INSTITUTE OF TECHNOLOGY (AUTONOMOUS),GANDIPET,RR,COED,PVT,1997,JNTUH
MGIT,MAHATMA GANDHI INSTITUTE OF TECHNOLOGY (AUTONOMOUS),GANDIPET,RR,COED,PVT,1997,JNTUH
MGIT,MAHATMA GANDHI INSTITUTE OF TECHNOLOGY (AUTONOMOUS),GANDIPET,RR,COED,PVT,1997,JNTUH
MGIT,MAHATMA GANDHI INSTITUTE OF TECHNOLOGY (AUTONOMOUS),GANDIPET,RR,COED,PVT,1997,JNTUH
MGIT,MAHATMA GANDHI INSTITUTE OF TECHNOLOGY (AUTONOMOUS),GANDIPET,RR,COED,PVT,1997,JNTUH
MGIT,MAHATMA GANDHI INSTITUTE OF TECHNOLOGY (AUTONOMOUS),GANDIPET,RR,COED,PVT,1997,JNTUH
MGIT,MAHATMA GANDHI INSTITUTE OF TECHNOLOGY (AUTONOMOUS),GANDIPET,RR,COED,PVT,1997,JNTUH
MGIT,MAHATMA GANDHI INSTITUTE OF TECHNOLOGY (AUTONOMOUS),GANDIPET,RR,COED,PVT,1997,JNTUH
MGIT,MAHATMA GANDHI INSTITUTE OF TECHNOLOGY (AUTONOMOUS),GANDIPET,RR,COED,PVT,1997,JNTUH
MGUNSF,MGU COLLEGE OF ENGINEERING AND TECHNOLOGY ,NALGONDA,NLG,COED,SF,2013,MGUN
MGUNSF,MGU COLLEGE OF ENGINEERING AND TECHNOLOGY ,NALGONDA,NLG,COED,SF,2013,MGUN
MGUNSF,MGU COLLEGE OF ENGINEERING AND TECHNOLOGY ,NALGONDA,NLG,COED,SF,2013,MGUN
MHVR,MAHAVEER INSTITUTE OF SCI AND TECHNOLOGY,BANDLAGUDA,HYD,COED,PVT,2001,JNTUH
MHVR,MAHAVEER INSTITUTE OF SCI AND TECHNOLOGY,BANDLAGUDA,HYD,COED,PVT,2001,JNTUH
MHVR,MAHAVEER INSTITUTE OF SCI AND TECHNOLOGY,BANDLAGUDA,HYD,COED,PVT,2001,JNTUH
MHVR,MAHAVEER INSTITUTE OF SCI AND TECHNOLOGY,BANDLAGUDA,HYD,COED,PVT,2001,JNTUH
MHVR,MAHAVEER INSTITUTE OF SCI AND TECHNOLOGY,BANDLAGUDA,HYD,COED,PVT,2001,JNTUH
MHVR,MAHAVEER INSTITUTE OF SCI AND TECHNOLOGY,BANDLAGUDA,HYD,COED,PVT,2001,JNTUH
MHVR,MAHAVEER INSTITUTE OF SCI AND TECHNOLOGY,BANDLAGUDA,HYD,COED,PVT,2001,JNTUH
MHVR,MAHAVEER INSTITUTE OF SCI AND TECHNOLOGY,BANDLAGUDA,HYD,COED,PVT,2001,JNTUH
MINA,MINA INST OF ENGG AND TECHNOLOGY FOR WOMEN,MIRYALAGUDA,NLG,GIRLS,PVT,2008,JNTUH
MINA,MINA INST OF ENGG AND TECHNOLOGY FOR WOMEN,MIRYALAGUDA,NLG,GIRLS,PVT,2008,JNTUH
MINA,MINA INST OF ENGG AND TECHNOLOGY FOR WOMEN,MIRYALAGUDA,NLG,GIRLS,PVT,2008,JNTUH
MINA,MINA INST OF ENGG AND TECHNOLOGY FOR WOMEN,MIRYALAGUDA,NLG,GIRLS,PVT,2008,JNTUH
MINA,MINA INST OF ENGG AND TECHNOLOGY FOR WOMEN,MIRYALAGUDA,NLG,GIRLS,PVT,2008,JNTUH
MLID,M L R INSTITUTE OF TECHNOLOGY (AUTONOMOUS),DUNDIGAL,MDL,COED,PVT,2005,JNTUH
MLID,M L R INSTITUTE OF TECHNOLOGY (AUTONOMOUS),DUNDIGAL,MDL,COED,PVT,2005,JNTUH
MLID,M L R INSTITUTE OF TECHNOLOGY (AUTONOMOUS),DUNDIGAL,MDL,COED,PVT,2005,JNTUH
MLID,M L R INSTITUTE OF TECHNOLOGY (AUTONOMOUS),DUNDIGAL,MDL,COED,PVT,2005,JNTUH
MLID,M L R INSTITUTE OF TECHNOLOGY (AUTONOMOUS),DUNDIGAL,MDL,COED,PVT,2005,JNTUH
MLID,M L R INSTITUTE OF TECHNOLOGY (AUTONOMOUS),DUNDIGAL,MDL,COED,PVT,2005,JNTUH
MLID,M L R INSTITUTE OF TECHNOLOGY (AUTONOMOUS),DUNDIGAL,MDL,COED,PVT,2005,JNTUH
MLRD,MALLA REDDY COLLEGE OF ENGG  TECHNOLOGY (AUTONOMOUS),MYSAMMAGUDA,MDL,COED,PVT,2004,JNTUH
MLRD,MALLA REDDY COLLEGE OF ENGG  TECHNOLOGY (AUTONOMOUS),MYSAMMAGUDA,MDL,COED,PVT,2004,JNTUH
MLRD,MALLA REDDY COLLEGE OF ENGG  TECHNOLOGY (AUTONOMOUS),MYSAMMAGUDA,MDL,COED,PVT,2004,JNTUH
MLRD,MALLA REDDY COLLEGE OF ENGG  TECHNOLOGY (AUTONOMOUS),MYSAMMAGUDA,MDL,COED,PVT,2004,JNTUH
MLRD,MALLA REDDY COLLEGE OF ENGG  TECHNOLOGY (AUTONOMOUS),MYSAMMAGUDA,MDL,COED,PVT,2004,JNTUH
MLRD,MALLA REDDY COLLEGE OF ENGG  TECHNOLOGY (AUTONOMOUS),MYSAMMAGUDA,MDL,COED,PVT,2004,JNTUH
MLRD,MALLA REDDY COLLEGE OF ENGG  TECHNOLOGY (AUTONOMOUS),MYSAMMAGUDA,MDL,COED,PVT,2004,JNTUH
MLRD,MALLA REDDY COLLEGE OF ENGG  TECHNOLOGY (AUTONOMOUS),MYSAMMAGUDA,MDL,COED,PVT,2004,JNTUH
MLRS,MARRI LAXMAN REDDY INST OF TECHNOLOGY AND MANAGEMENT (AUTONOMOUS),DUNDIGAL,MDL,COED,PVT,2009,JNTUH
MLRS,MARRI LAXMAN REDDY INST OF TECHNOLOGY AND MANAGEMENT (AUTONOMOUS),DUNDIGAL,MDL,COED,PVT,2009,JNTUH
MLRS,MARRI LAXMAN REDDY INST OF TECHNOLOGY AND MANAGEMENT (AUTONOMOUS),DUNDIGAL,MDL,COED,PVT,2009,JNTUH
MLRS,MARRI LAXMAN REDDY INST OF TECHNOLOGY AND MANAGEMENT (AUTONOMOUS),DUNDIGAL,MDL,COED,PVT,2009,JNTUH
MLRS,MARRI LAXMAN REDDY INST OF TECHNOLOGY AND MANAGEMENT (AUTONOMOUS),DUNDIGAL,MDL,COED,PVT,2009,JNTUH
MLRS,MARRI LAXMAN REDDY INST OF TECHNOLOGY AND MANAGEMENT (AUTONOMOUS),DUNDIGAL,MDL,COED,PVT,2009,JNTUH
MLRS,MARRI LAXMAN REDDY INST OF TECHNOLOGY AND MANAGEMENT (AUTONOMOUS),DUNDIGAL,MDL,COED,PVT,2009,JNTUH
MNRT,MNRCOLLEGE OF ENGINEERING AND TECHNOLOGY,SANGAREDDY,SRD,COED,PVT,2008,JNTUH
MNRT,MNRCOLLEGE OF ENGINEERING AND TECHNOLOGY,SANGAREDDY,SRD,COED,PVT,2008,JNTUH
MNRT,MNRCOLLEGE OF ENGINEERING AND TECHNOLOGY,SANGAREDDY,SRD,COED,PVT,2008,JNTUH
MNRT,MNRCOLLEGE OF ENGINEERING AND TECHNOLOGY,SANGAREDDY,SRD,COED,PVT,2008,JNTUH
MNRT,MNRCOLLEGE OF ENGINEERING AND TECHNOLOGY,SANGAREDDY,SRD,COED,PVT,2008,JNTUH
MOTK,MOTHER TERESA INSTITUTE OF SCI AND TECHNOLOGY  (AUTONOMOUS),SATHUPALLY,KHM,COED,PVT,2001,JNTUH
MOTK,MOTHER TERESA INSTITUTE OF SCI AND TECHNOLOGY  (AUTONOMOUS),SATHUPALLY,KHM,COED,PVT,2001,JNTUH
MOTK,MOTHER TERESA INSTITUTE OF SCI AND TECHNOLOGY  (AUTONOMOUS),SATHUPALLY,KHM,COED,PVT,2001,JNTUH
MOTK,MOTHER TERESA INSTITUTE OF SCI AND TECHNOLOGY  (AUTONOMOUS),SATHUPALLY,KHM,COED,PVT,2001,JNTUH
MOTK,MOTHER TERESA INSTITUTE OF SCI AND TECHNOLOGY  (AUTONOMOUS),SATHUPALLY,KHM,COED,PVT,2001,JNTUH
MOTK,MOTHER TERESA INSTITUTE OF SCI AND TECHNOLOGY  (AUTONOMOUS),SATHUPALLY,KHM,COED,PVT,2001,JNTUH
MRCE,MALLA REDDY COLLEGE OF ENGINEERING,MYSAMMAGUDA,MDL,COED,PVT,2005,JNTUH
MRCE,MALLA REDDY COLLEGE OF ENGINEERING,MYSAMMAGUDA,MDL,COED,PVT,2005,JNTUH
MRCE,MALLA REDDY COLLEGE OF ENGINEERING,MYSAMMAGUDA,MDL,COED,PVT,2005,JNTUH
MRCE,MALLA REDDY COLLEGE OF ENGINEERING,MYSAMMAGUDA,MDL,COED,PVT,2005,JNTUH
MRCW,MALLA REDDY ENGG COLLEGE FOR WOMEN (AUTONOMOUS),MAISAMMAGUDA,MDL,GIRLS,PVT,2008,JNTUH
MRCW,MALLA REDDY ENGG COLLEGE FOR WOMEN (AUTONOMOUS),MAISAMMAGUDA,MDL,GIRLS,PVT,2008,JNTUH
MRCW,MALLA REDDY ENGG COLLEGE FOR WOMEN (AUTONOMOUS),MAISAMMAGUDA,MDL,GIRLS,PVT,2008,JNTUH
MRCW,MALLA REDDY ENGG COLLEGE FOR WOMEN (AUTONOMOUS),MAISAMMAGUDA,MDL,GIRLS,PVT,2008,JNTUH
MRCW,MALLA REDDY ENGG COLLEGE FOR WOMEN (AUTONOMOUS),MAISAMMAGUDA,MDL,GIRLS,PVT,2008,JNTUH
MRCW,MALLA REDDY ENGG COLLEGE FOR WOMEN (AUTONOMOUS),MAISAMMAGUDA,MDL,GIRLS,PVT,2008,JNTUH
MRCW,MALLA REDDY ENGG COLLEGE FOR WOMEN (AUTONOMOUS),MAISAMMAGUDA,MDL,GIRLS,PVT,2008,JNTUH
MREC,MALLAREDDY ENGINEERING COLLEGE (AUTONOMOUS),MAISAMMAGUDA,MDL,COED,PVT,2002,JNTUH
MREC,MALLAREDDY ENGINEERING COLLEGE (AUTONOMOUS),MAISAMMAGUDA,MDL,COED,PVT,2002,JNTUH
MREC,MALLAREDDY ENGINEERING COLLEGE (AUTONOMOUS),MAISAMMAGUDA,MDL,COED,PVT,2002,JNTUH
MREC,MALLAREDDY ENGINEERING COLLEGE (AUTONOMOUS),MAISAMMAGUDA,MDL,COED,PVT,2002,JNTUH
MREC,MALLAREDDY ENGINEERING COLLEGE (AUTONOMOUS),MAISAMMAGUDA,MDL,COED,PVT,2002,JNTUH
MREC,MALLAREDDY ENGINEERING COLLEGE (AUTONOMOUS),MAISAMMAGUDA,MDL,COED,PVT,2002,JNTUH
MREC,MALLAREDDY ENGINEERING COLLEGE (AUTONOMOUS),MAISAMMAGUDA,MDL,COED,PVT,2002,JNTUH
MREC,MALLAREDDY ENGINEERING COLLEGE (AUTONOMOUS),MAISAMMAGUDA,MDL,COED,PVT,2002,JNTUH
MREM,MALLA REDDY ENGINEERING COLLEGE AND MANAGEMENT SCIENCES,MEDCHAL,MDL,COED,PVT,2008,JNTUH
MREM,MALLA REDDY ENGINEERING COLLEGE AND MANAGEMENT SCIENCES,MEDCHAL,MDL,COED,PVT,2008,JNTUH
MREM,MALLA REDDY ENGINEERING COLLEGE AND MANAGEMENT SCIENCES,MEDCHAL,MDL,COED,PVT,2008,JNTUH
MREM,MALLA REDDY ENGINEERING COLLEGE AND MANAGEMENT SCIENCES,MEDCHAL,MDL,COED,PVT,2008,JNTUH
MREM,MALLA REDDY ENGINEERING COLLEGE AND MANAGEMENT SCIENCES,MEDCHAL,MDL,COED,PVT,2008,JNTUH
MREM,MALLA REDDY ENGINEERING COLLEGE AND MANAGEMENT SCIENCES,MEDCHAL,MDL,COED,PVT,2008,JNTUH
MREM,MALLA REDDY ENGINEERING COLLEGE AND MANAGEMENT SCIENCES,MEDCHAL,MDL,COED,PVT,2008,JNTUH
MREM,MALLA REDDY ENGINEERING COLLEGE AND MANAGEMENT SCIENCES,MEDCHAL,MDL,COED,PVT,2008,JNTUH
MREW,MALLA REDDY COLLEGE OF ENGINEERING FOR WOMEN,MAISAMMAGUDA,MDL,GIRLS,PVT,2008,JNTUH
MREW,MALLA REDDY COLLEGE OF ENGINEERING FOR WOMEN,MAISAMMAGUDA,MDL,GIRLS,PVT,2008,JNTUH
MREW,MALLA REDDY COLLEGE OF ENGINEERING FOR WOMEN,MAISAMMAGUDA,MDL,GIRLS,PVT,2008,JNTUH
MREW,MALLA REDDY COLLEGE OF ENGINEERING FOR WOMEN,MAISAMMAGUDA,MDL,GIRLS,PVT,2008,JNTUH
MRTN,ST MARTINS ENGINEERING COLLEGE (AUTONOMOUS),DHULAPALLY,MDL,COED,PVT,2002,JNTUH
MRTN,ST MARTINS ENGINEERING COLLEGE (AUTONOMOUS),DHULAPALLY,MDL,COED,PVT,2002,JNTUH
MRTN,ST MARTINS ENGINEERING COLLEGE (AUTONOMOUS),DHULAPALLY,MDL,COED,PVT,2002,JNTUH
MRTN,ST MARTINS ENGINEERING COLLEGE (AUTONOMOUS),DHULAPALLY,MDL,COED,PVT,2002,JNTUH
MTEC,MOTHER THERESA COLLEGE OF ENGG AND TECHNOLOGY,PEDDAPALLY,PDL,COED,PVT,1999,JNTUH
MTEC,MOTHER THERESA COLLEGE OF ENGG AND TECHNOLOGY,PEDDAPALLY,PDL,COED,PVT,1999,JNTUH
MTEC,MOTHER THERESA COLLEGE OF ENGG AND TECHNOLOGY,PEDDAPALLY,PDL,COED,PVT,1999,JNTUH
MTEC,MOTHER THERESA COLLEGE OF ENGG AND TECHNOLOGY,PEDDAPALLY,PDL,COED,PVT,1999,JNTUH
MTEC,MOTHER THERESA COLLEGE OF ENGG AND TECHNOLOGY,PEDDAPALLY,PDL,COED,PVT,1999,JNTUH
MTEC,MOTHER THERESA COLLEGE OF ENGG AND TECHNOLOGY,PEDDAPALLY,PDL,COED,PVT,1999,JNTUH
MTEC,MOTHER THERESA COLLEGE OF ENGG AND TECHNOLOGY,PEDDAPALLY,PDL,COED,PVT,1999,JNTUH
MVSR,M V S R ENGINEERING COLLEGE (AUTONOMOUS),NADERGUL,RR,COED,PVT,1981,OU
MVSR,M V S R ENGINEERING COLLEGE (AUTONOMOUS),NADERGUL,RR,COED,PVT,1981,OU
MVSR,M V S R ENGINEERING COLLEGE (AUTONOMOUS),NADERGUL,RR,COED,PVT,1981,OU
MVSR,M V S R ENGINEERING COLLEGE (AUTONOMOUS),NADERGUL,RR,COED,PVT,1981,OU
MVSR,M V S R ENGINEERING COLLEGE (AUTONOMOUS),NADERGUL,RR,COED,PVT,1981,OU
MVSR,M V S R ENGINEERING COLLEGE (AUTONOMOUS),NADERGUL,RR,COED,PVT,1981,OU
MVSR,M V S R ENGINEERING COLLEGE (AUTONOMOUS),NADERGUL,RR,COED,PVT,1981,OU
MVSR,M V S R ENGINEERING COLLEGE (AUTONOMOUS),NADERGUL,RR,COED,PVT,1981,OU
MVSR,M V S R ENGINEERING COLLEGE (AUTONOMOUS),NADERGUL,RR,COED,PVT,1981,OU
MVSR,M V S R ENGINEERING COLLEGE (AUTONOMOUS),NADERGUL,RR,COED,PVT,1981,OU
NGIT,NEIL GOGTE INST OF TECHNOLOGY,KACHIVANI SINGARAM,MDL,COED,PVT,2018,OU
NGIT,NEIL GOGTE INST OF TECHNOLOGY,KACHIVANI SINGARAM,MDL,COED,PVT,2018,OU
NGMA,NIGAMA ENGINEERING COLLEGE,KARIMNAGAR,KRM,COED,PVT,2008,JNTUH
NGMA,NIGAMA ENGINEERING COLLEGE,KARIMNAGAR,KRM,COED,PVT,2008,JNTUH
NIET,NETAJI INSTITUTE OF ENGINEERING AND TECHNOLOGY,CHOUTUPPAL,YBG,COED,PVT,2004,JNTUH
NIET,NETAJI INSTITUTE OF ENGINEERING AND TECHNOLOGY,CHOUTUPPAL,YBG,COED,PVT,2004,JNTUH
NIET,NETAJI INSTITUTE OF ENGINEERING AND TECHNOLOGY,CHOUTUPPAL,YBG,COED,PVT,2004,JNTUH
NNRG,NALLA NARASIMHA REDDY EDNL SOC GRP OF INSTNS (AUTONOMOUS),GHATKESAR,MDL,COED,PVT,2009,JNTUH
NNRG,NALLA NARASIMHA REDDY EDNL SOC GRP OF INSTNS (AUTONOMOUS),GHATKESAR,MDL,COED,PVT,2009,JNTUH
NNRG,NALLA NARASIMHA REDDY EDNL SOC GRP OF INSTNS (AUTONOMOUS),GHATKESAR,MDL,COED,PVT,2009,JNTUH
NNRG,NALLA NARASIMHA REDDY EDNL SOC GRP OF INSTNS (AUTONOMOUS),GHATKESAR,MDL,COED,PVT,2009,JNTUH
NNRG,NALLA NARASIMHA REDDY EDNL SOC GRP OF INSTNS (AUTONOMOUS),GHATKESAR,MDL,COED,PVT,2009,JNTUH
NRCM,NARSIMHAREDDY ENGINEERING COLLEGE (AUTONOMOUS),MAISAMMAGUDA,MDL,COED,PVT,2007,JNTUH
NRCM,NARSIMHAREDDY ENGINEERING COLLEGE (AUTONOMOUS),MAISAMMAGUDA,MDL,COED,PVT,2007,JNTUH
NRCM,NARSIMHAREDDY ENGINEERING COLLEGE (AUTONOMOUS),MAISAMMAGUDA,MDL,COED,PVT,2007,JNTUH
NRCM,NARSIMHAREDDY ENGINEERING COLLEGE (AUTONOMOUS),MAISAMMAGUDA,MDL,COED,PVT,2007,JNTUH
NRCM,NARSIMHAREDDY ENGINEERING COLLEGE (AUTONOMOUS),MAISAMMAGUDA,MDL,COED,PVT,2007,JNTUH
NRCM,NARSIMHAREDDY ENGINEERING COLLEGE (AUTONOMOUS),MAISAMMAGUDA,MDL,COED,PVT,2007,JNTUH
NRCM,NARSIMHAREDDY ENGINEERING COLLEGE (AUTONOMOUS),MAISAMMAGUDA,MDL,COED,PVT,2007,JNTUH
NRCM,NARSIMHAREDDY ENGINEERING COLLEGE (AUTONOMOUS),MAISAMMAGUDA,MDL,COED,PVT,2007,JNTUH
NREC,NALLAMALLA REDDY ENGINEERING COLLEGE (AUTONOMOUS),GHATKESAR,MDL,COED,PVT,2001,JNTUH
NREC,NALLAMALLA REDDY ENGINEERING COLLEGE (AUTONOMOUS),GHATKESAR,MDL,COED,PVT,2001,JNTUH
NREC,NALLAMALLA REDDY ENGINEERING COLLEGE (AUTONOMOUS),GHATKESAR,MDL,COED,PVT,2001,JNTUH
NREC,NALLAMALLA REDDY ENGINEERING COLLEGE (AUTONOMOUS),GHATKESAR,MDL,COED,PVT,2001,JNTUH
NREC,NALLAMALLA REDDY ENGINEERING COLLEGE (AUTONOMOUS),GHATKESAR,MDL,COED,PVT,2001,JNTUH
NREC,NALLAMALLA REDDY ENGINEERING COLLEGE (AUTONOMOUS),GHATKESAR,MDL,COED,PVT,2001,JNTUH
OUCE,O U COLLEGE OF ENGG  HYDERABAD,HYDERABAD,HYD,COED,UNIV,1925,OU
OUCE,O U COLLEGE OF ENGG  HYDERABAD,HYDERABAD,HYD,COED,UNIV,1925,OU
OUCE,O U COLLEGE OF ENGG  HYDERABAD,HYDERABAD,HYD,COED,UNIV,1925,OU
OUCE,O U COLLEGE OF ENGG  HYDERABAD,HYDERABAD,HYD,COED,UNIV,1925,OU
OUCE,O U COLLEGE OF ENGG  HYDERABAD,HYDERABAD,HYD,COED,UNIV,1925,OU
OUCE,O U COLLEGE OF ENGG  HYDERABAD,HYDERABAD,HYD,COED,UNIV,1925,OU
OUCE,O U COLLEGE OF ENGG  HYDERABAD,HYDERABAD,HYD,COED,UNIV,1925,OU
OUCE,O U COLLEGE OF ENGG  HYDERABAD,HYDERABAD,HYD,COED,UNIV,1925,OU
OUCT,O U COLLEGE OF TECH  HYDERABAD,HYDERABAD,HYD,COED,UNIV,1969,OU
OUCT,O U COLLEGE OF TECH  HYDERABAD,HYDERABAD,HYD,COED,UNIV,1969,OU
OUCT,O U COLLEGE OF TECH  HYDERABAD,HYDERABAD,HYD,COED,UNIV,1969,OU
PALV,PALLAVI ENGINEERING COLLEGE  (AUTONOMOUS),KUNTLOOR,RR,COED,PVT,2009,JNTUH
PALV,PALLAVI ENGINEERING COLLEGE  (AUTONOMOUS),KUNTLOOR,RR,COED,PVT,2009,JNTUH
PALV,PALLAVI ENGINEERING COLLEGE  (AUTONOMOUS),KUNTLOOR,RR,COED,PVT,2009,JNTUH
PALV,PALLAVI ENGINEERING COLLEGE  (AUTONOMOUS),KUNTLOOR,RR,COED,PVT,2009,JNTUH
PALV,PALLAVI ENGINEERING COLLEGE  (AUTONOMOUS),KUNTLOOR,RR,COED,PVT,2009,JNTUH
PALV,PALLAVI ENGINEERING COLLEGE  (AUTONOMOUS),KUNTLOOR,RR,COED,PVT,2009,JNTUH
PALV,PALLAVI ENGINEERING COLLEGE  (AUTONOMOUS),KUNTLOOR,RR,COED,PVT,2009,JNTUH
PETW,PRINCETON INST OF ENGG TECH FOR WOMEN,GHATKESAR,MDL,GIRLS,PVT,2009,JNTUH
PETW,PRINCETON INST OF ENGG TECH FOR WOMEN,GHATKESAR,MDL,GIRLS,PVT,2009,JNTUH
PETW,PRINCETON INST OF ENGG TECH FOR WOMEN,GHATKESAR,MDL,GIRLS,PVT,2009,JNTUH
PETW,PRINCETON INST OF ENGG TECH FOR WOMEN,GHATKESAR,MDL,GIRLS,PVT,2009,JNTUH
PETW,PRINCETON INST OF ENGG TECH FOR WOMEN,GHATKESAR,MDL,GIRLS,PVT,2009,JNTUH
PRIW,PRIYADARSHINI INSTITUTE OF SCIENCE & TECHNOLOGY FOR WOMEN,KHAMMAM,KHM,GIRLS,PVT,2009,JNTUH
PRIW,PRIYADARSHINI INSTITUTE OF SCIENCE & TECHNOLOGY FOR WOMEN,KHAMMAM,KHM,GIRLS,PVT,2009,JNTUH
PRIW,PRIYADARSHINI INSTITUTE OF SCIENCE & TECHNOLOGY FOR WOMEN,KHAMMAM,KHM,GIRLS,PVT,2009,JNTUH
PRIW,PRIYADARSHINI INSTITUTE OF SCIENCE & TECHNOLOGY FOR WOMEN,KHAMMAM,KHM,GIRLS,PVT,2009,JNTUH
RITW,RISHI MS INST OF ENGG AND TECH FOR WOMEN,KUKATPALLY,MDL,GIRLS,PVT,2009,JNTUH
RITW,RISHI MS INST OF ENGG AND TECH FOR WOMEN,KUKATPALLY,MDL,GIRLS,PVT,2009,JNTUH
RITW,RISHI MS INST OF ENGG AND TECH FOR WOMEN,KUKATPALLY,MDL,GIRLS,PVT,2009,JNTUH
SAIS,SAI SPURTI INSTITUTE OF TECHNOLOGY,SATHUPALLY,KHM,COED,PVT,2001,JNTUH
SAIS,SAI SPURTI INSTITUTE OF TECHNOLOGY,SATHUPALLY,KHM,COED,PVT,2001,JNTUH
SAIS,SAI SPURTI INSTITUTE OF TECHNOLOGY,SATHUPALLY,KHM,COED,PVT,2001,JNTUH
SAIS,SAI SPURTI INSTITUTE OF TECHNOLOGY,SATHUPALLY,KHM,COED,PVT,2001,JNTUH
SAIS,SAI SPURTI INSTITUTE OF TECHNOLOGY,SATHUPALLY,KHM,COED,PVT,2001,JNTUH
SBIT,SWARNA BHARATHI INSTITUTE OF SCI AND TECHNOLOGY,KHAMMAM,KHM,COED,PVT,2003,JNTUH
SBIT,SWARNA BHARATHI INSTITUTE OF SCI AND TECHNOLOGY,KHAMMAM,KHM,COED,PVT,2003,JNTUH
SBIT,SWARNA BHARATHI INSTITUTE OF SCI AND TECHNOLOGY,KHAMMAM,KHM,COED,PVT,2003,JNTUH
SBIT,SWARNA BHARATHI INSTITUTE OF SCI AND TECHNOLOGY,KHAMMAM,KHM,COED,PVT,2003,JNTUH
SBIT,SWARNA BHARATHI INSTITUTE OF SCI AND TECHNOLOGY,KHAMMAM,KHM,COED,PVT,2003,JNTUH
SCIT,SRI CHAITANYA INSTITUTE OF TECHNOLOGY AND RESEARCH,KHAMMAM,KHM,COED,PVT,2008,JNTUH
SCIT,SRI CHAITANYA INSTITUTE OF TECHNOLOGY AND RESEARCH,KHAMMAM,KHM,COED,PVT,2008,JNTUH
SCIT,SRI CHAITANYA INSTITUTE OF TECHNOLOGY AND RESEARCH,KHAMMAM,KHM,COED,PVT,2008,JNTUH
SCIT,SRI CHAITANYA INSTITUTE OF TECHNOLOGY AND RESEARCH,KHAMMAM,KHM,COED,PVT,2008,JNTUH
SCIT,SRI CHAITANYA INSTITUTE OF TECHNOLOGY AND RESEARCH,KHAMMAM,KHM,COED,PVT,2008,JNTUH
SCIT,SRI CHAITANYA INSTITUTE OF TECHNOLOGY AND RESEARCH,KHAMMAM,KHM,COED,PVT,2008,JNTUH
SCIT,SRI CHAITANYA INSTITUTE OF TECHNOLOGY AND RESEARCH,KHAMMAM,KHM,COED,PVT,2008,JNTUH
SDES,SREE DATTHA INSTITUTE OF ENGINEERING AND SCIENCE (AUTONOMOUS),IBRAHIMPATAN,RR,COED,PVT,2001,JNTUH
SDES,SREE DATTHA INSTITUTE OF ENGINEERING AND SCIENCE (AUTONOMOUS),IBRAHIMPATAN,RR,COED,PVT,2001,JNTUH
SDES,SREE DATTHA INSTITUTE OF ENGINEERING AND SCIENCE (AUTONOMOUS),IBRAHIMPATAN,RR,COED,PVT,2001,JNTUH
SDES,SREE DATTHA INSTITUTE OF ENGINEERING AND SCIENCE (AUTONOMOUS),IBRAHIMPATAN,RR,COED,PVT,2001,JNTUH
SDES,SREE DATTHA INSTITUTE OF ENGINEERING AND SCIENCE (AUTONOMOUS),IBRAHIMPATAN,RR,COED,PVT,2001,JNTUH
SDES,SREE DATTHA INSTITUTE OF ENGINEERING AND SCIENCE (AUTONOMOUS),IBRAHIMPATAN,RR,COED,PVT,2001,JNTUH
SDES,SREE DATTHA INSTITUTE OF ENGINEERING AND SCIENCE (AUTONOMOUS),IBRAHIMPATAN,RR,COED,PVT,2001,JNTUH
SDEW,SRIDEVI WOMENS ENGINEERING COLLEGE AUTONOMOUS,GANDIPET,RR,GIRLS,PVT,2001,JNTUH
SDEW,SRIDEVI WOMENS ENGINEERING COLLEGE AUTONOMOUS,GANDIPET,RR,GIRLS,PVT,2001,JNTUH
SDEW,SRIDEVI WOMENS ENGINEERING COLLEGE AUTONOMOUS,GANDIPET,RR,GIRLS,PVT,2001,JNTUH
SDEW,SRIDEVI WOMENS ENGINEERING COLLEGE AUTONOMOUS,GANDIPET,RR,GIRLS,PVT,2001,JNTUH
SDEW,SRIDEVI WOMENS ENGINEERING COLLEGE AUTONOMOUS,GANDIPET,RR,GIRLS,PVT,2001,JNTUH
SDGI,SREE DATTHA GRP OF INSTNS (AUTONOMOUS),IBRAHIMPATAN,RR,COED,PVT,2005,JNTUH
SDGI,SREE DATTHA GRP OF INSTNS (AUTONOMOUS),IBRAHIMPATAN,RR,COED,PVT,2005,JNTUH
SDGI,SREE DATTHA GRP OF INSTNS (AUTONOMOUS),IBRAHIMPATAN,RR,COED,PVT,2005,JNTUH
SDGI,SREE DATTHA GRP OF INSTNS (AUTONOMOUS),IBRAHIMPATAN,RR,COED,PVT,2005,JNTUH
SDGI,SREE DATTHA GRP OF INSTNS (AUTONOMOUS),IBRAHIMPATAN,RR,COED,PVT,2005,JNTUH
SIEI,SIDDHARTHA INSTT OF ENGG AND TECHNOLOGY (AUTONOMOUS),IBRAHIMPATAN,RR,COED,PVT,2008,JNTUH
SIEI,SIDDHARTHA INSTT OF ENGG AND TECHNOLOGY (AUTONOMOUS),IBRAHIMPATAN,RR,COED,PVT,2008,JNTUH
SIEI,SIDDHARTHA INSTT OF ENGG AND TECHNOLOGY (AUTONOMOUS),IBRAHIMPATAN,RR,COED,PVT,2008,JNTUH
SIEI,SIDDHARTHA INSTT OF ENGG AND TECHNOLOGY (AUTONOMOUS),IBRAHIMPATAN,RR,COED,PVT,2008,JNTUH
SIEI,SIDDHARTHA INSTT OF ENGG AND TECHNOLOGY (AUTONOMOUS),IBRAHIMPATAN,RR,COED,PVT,2008,JNTUH
SIEI,SIDDHARTHA INSTT OF ENGG AND TECHNOLOGY (AUTONOMOUS),IBRAHIMPATAN,RR,COED,PVT,2008,JNTUH
SIEI,SIDDHARTHA INSTT OF ENGG AND TECHNOLOGY (AUTONOMOUS),IBRAHIMPATAN,RR,COED,PVT,2008,JNTUH
SISG,SIDDHARTHA INSTT OF TECHNOLOGY AND SCIENCES (AUTONOMOUS),GHATKESAR,MDL,COED,PVT,2008,JNTUH
SISG,SIDDHARTHA INSTT OF TECHNOLOGY AND SCIENCES (AUTONOMOUS),GHATKESAR,MDL,COED,PVT,2008,JNTUH
SISG,SIDDHARTHA INSTT OF TECHNOLOGY AND SCIENCES (AUTONOMOUS),GHATKESAR,MDL,COED,PVT,2008,JNTUH
SISG,SIDDHARTHA INSTT OF TECHNOLOGY AND SCIENCES (AUTONOMOUS),GHATKESAR,MDL,COED,PVT,2008,JNTUH
SISG,SIDDHARTHA INSTT OF TECHNOLOGY AND SCIENCES (AUTONOMOUS),GHATKESAR,MDL,COED,PVT,2008,JNTUH
SISG,SIDDHARTHA INSTT OF TECHNOLOGY AND SCIENCES (AUTONOMOUS),GHATKESAR,MDL,COED,PVT,2008,JNTUH
SISG,SIDDHARTHA INSTT OF TECHNOLOGY AND SCIENCES (AUTONOMOUS),GHATKESAR,MDL,COED,PVT,2008,JNTUH
SISG,SIDDHARTHA INSTT OF TECHNOLOGY AND SCIENCES (AUTONOMOUS),GHATKESAR,MDL,COED,PVT,2008,JNTUH
SISG,SIDDHARTHA INSTT OF TECHNOLOGY AND SCIENCES (AUTONOMOUS),GHATKESAR,MDL,COED,PVT,2008,JNTUH
SISG,SIDDHARTHA INSTT OF TECHNOLOGY AND SCIENCES (AUTONOMOUS),GHATKESAR,MDL,COED,PVT,2008,JNTUH
SMSK,SAMSKRUTHI COLLEGE OF ENGG AND TECHNOLOGY (AUTONOMOUS),GHATKESAR,MDL,COED,PVT,2005,JNTUH
SMSK,SAMSKRUTHI COLLEGE OF ENGG AND TECHNOLOGY (AUTONOMOUS),GHATKESAR,MDL,COED,PVT,2005,JNTUH
SMSK,SAMSKRUTHI COLLEGE OF ENGG AND TECHNOLOGY (AUTONOMOUS),GHATKESAR,MDL,COED,PVT,2005,JNTUH
SMSK,SAMSKRUTHI COLLEGE OF ENGG AND TECHNOLOGY (AUTONOMOUS),GHATKESAR,MDL,COED,PVT,2005,JNTUH
SMSK,SAMSKRUTHI COLLEGE OF ENGG AND TECHNOLOGY (AUTONOMOUS),GHATKESAR,MDL,COED,PVT,2005,JNTUH
SMSK,SAMSKRUTHI COLLEGE OF ENGG AND TECHNOLOGY (AUTONOMOUS),GHATKESAR,MDL,COED,PVT,2005,JNTUH
SNIS,SRINIDHI INSTITUTE OF SCI AND TECHNOLOGY,GHATKESAR,MDL,COED,PVT,1997,JNTUH
SNIS,SRINIDHI INSTITUTE OF SCI AND TECHNOLOGY,GHATKESAR,MDL,COED,PVT,1997,JNTUH
SNIS,SRINIDHI INSTITUTE OF SCI AND TECHNOLOGY,GHATKESAR,MDL,COED,PVT,1997,JNTUH
SNIS,SRINIDHI INSTITUTE OF SCI AND TECHNOLOGY,GHATKESAR,MDL,COED,PVT,1997,JNTUH
SNIS,SRINIDHI INSTITUTE OF SCI AND TECHNOLOGY,GHATKESAR,MDL,COED,PVT,1997,JNTUH
SNIS,SRINIDHI INSTITUTE OF SCI AND TECHNOLOGY,GHATKESAR,MDL,COED,PVT,1997,JNTUH
SNIS,SRINIDHI INSTITUTE OF SCI AND TECHNOLOGY,GHATKESAR,MDL,COED,PVT,1997,JNTUH
SNIS,SRINIDHI INSTITUTE OF SCI AND TECHNOLOGY,GHATKESAR,MDL,COED,PVT,1997,JNTUH
SNIS,SRINIDHI INSTITUTE OF SCI AND TECHNOLOGY,GHATKESAR,MDL,COED,PVT,1997,JNTUH
SNTI,SCIENT INSTITUTE OF TECHNOLOGY,IBRAHIMPATAN,RR,COED,PVT,2001,JNTUH
SNTI,SCIENT INSTITUTE OF TECHNOLOGY,IBRAHIMPATAN,RR,COED,PVT,2001,JNTUH
SNTI,SCIENT INSTITUTE OF TECHNOLOGY,IBRAHIMPATAN,RR,COED,PVT,2001,JNTUH
SNTI,SCIENT INSTITUTE OF TECHNOLOGY,IBRAHIMPATAN,RR,COED,PVT,2001,JNTUH
SNTI,SCIENT INSTITUTE OF TECHNOLOGY,IBRAHIMPATAN,RR,COED,PVT,2001,JNTUH
SPEC,ST PETERS ENGINEERING COLLEGE (AUTONOMOUS),MEDCHAL,MDL,COED,PVT,2007,JNTUH
SPEC,ST PETERS ENGINEERING COLLEGE (AUTONOMOUS),MEDCHAL,MDL,COED,PVT,2007,JNTUH
SPEC,ST PETERS ENGINEERING COLLEGE (AUTONOMOUS),MEDCHAL,MDL,COED,PVT,2007,JNTUH
SPEC,ST PETERS ENGINEERING COLLEGE (AUTONOMOUS),MEDCHAL,MDL,COED,PVT,2007,JNTUH
SPEC,ST PETERS ENGINEERING COLLEGE (AUTONOMOUS),MEDCHAL,MDL,COED,PVT,2007,JNTUH
SPEC,ST PETERS ENGINEERING COLLEGE (AUTONOMOUS),MEDCHAL,MDL,COED,PVT,2007,JNTUH
SPEC,ST PETERS ENGINEERING COLLEGE (AUTONOMOUS),MEDCHAL,MDL,COED,PVT,2007,JNTUH
SPHN,SPHOORTHY ENGINEERING COLLEGE  (AUTONOMOUS),NADERGUL,RR,COED,PVT,2004,JNTUH
SPHN,SPHOORTHY ENGINEERING COLLEGE  (AUTONOMOUS),NADERGUL,RR,COED,PVT,2004,JNTUH
SPHN,SPHOORTHY ENGINEERING COLLEGE  (AUTONOMOUS),NADERGUL,RR,COED,PVT,2004,JNTUH
SPHN,SPHOORTHY ENGINEERING COLLEGE  (AUTONOMOUS),NADERGUL,RR,COED,PVT,2004,JNTUH
SPHN,SPHOORTHY ENGINEERING COLLEGE  (AUTONOMOUS),NADERGUL,RR,COED,PVT,2004,JNTUH
SRHP,SR UNIVERSITY ( FORMERLY S R ENGINEERING COLLEGE) ,HASANPARTHY,HNK,COED,PVT,2002,SR UNIVERSITY 
SRHP,SR UNIVERSITY ( FORMERLY S R ENGINEERING COLLEGE) ,HASANPARTHY,HNK,COED,PVT,2002,SR UNIVERSITY 
SRHP,SR UNIVERSITY ( FORMERLY S R ENGINEERING COLLEGE) ,HASANPARTHY,HNK,COED,PVT,2002,SR UNIVERSITY 
SRHP,SR UNIVERSITY ( FORMERLY S R ENGINEERING COLLEGE) ,HASANPARTHY,HNK,COED,PVT,2002,SR UNIVERSITY 
SRHP,SR UNIVERSITY ( FORMERLY S R ENGINEERING COLLEGE) ,HASANPARTHY,HNK,COED,PVT,2002,SR UNIVERSITY 
SRIW,SUMATHI REDDY INST OF TECHNOLOGY FOR WOMEN,HASANPARTHY,HNK,GIRLS,PVT,2009,JNTUH
SRIW,SUMATHI REDDY INST OF TECHNOLOGY FOR WOMEN,HASANPARTHY,HNK,GIRLS,PVT,2009,JNTUH
SRIW,SUMATHI REDDY INST OF TECHNOLOGY FOR WOMEN,HASANPARTHY,HNK,GIRLS,PVT,2009,JNTUH
SRIW,SUMATHI REDDY INST OF TECHNOLOGY FOR WOMEN,HASANPARTHY,HNK,GIRLS,PVT,2009,JNTUH
SRIW,SUMATHI REDDY INST OF TECHNOLOGY FOR WOMEN,HASANPARTHY,HNK,GIRLS,PVT,2009,JNTUH
SRYS,SREYAS INST OF ENGG AND TECHNOLOGY (AUTONOMOUS),NAGOLE,MDL,COED,PVT,2011,JNTUH
SRYS,SREYAS INST OF ENGG AND TECHNOLOGY (AUTONOMOUS),NAGOLE,MDL,COED,PVT,2011,JNTUH
SRYS,SREYAS INST OF ENGG AND TECHNOLOGY (AUTONOMOUS),NAGOLE,MDL,COED,PVT,2011,JNTUH
SRYS,SREYAS INST OF ENGG AND TECHNOLOGY (AUTONOMOUS),NAGOLE,MDL,COED,PVT,2011,JNTUH
STLW,STANLEY COLLEGE OF ENGG AND TECHNOLOGY FOR WOMEN (AUTONOMOUS),ABIDS,HYD,GIRLS,PVT,2008,OU
STLW,STANLEY COLLEGE OF ENGG AND TECHNOLOGY FOR WOMEN (AUTONOMOUS),ABIDS,HYD,GIRLS,PVT,2008,OU
STLW,STANLEY COLLEGE OF ENGG AND TECHNOLOGY FOR WOMEN (AUTONOMOUS),ABIDS,HYD,GIRLS,PVT,2008,OU
STLW,STANLEY COLLEGE OF ENGG AND TECHNOLOGY FOR WOMEN (AUTONOMOUS),ABIDS,HYD,GIRLS,PVT,2008,OU
STLW,STANLEY COLLEGE OF ENGG AND TECHNOLOGY FOR WOMEN (AUTONOMOUS),ABIDS,HYD,GIRLS,PVT,2008,OU
STLW,STANLEY COLLEGE OF ENGG AND TECHNOLOGY FOR WOMEN (AUTONOMOUS),ABIDS,HYD,GIRLS,PVT,2008,OU
STLW,STANLEY COLLEGE OF ENGG AND TECHNOLOGY FOR WOMEN (AUTONOMOUS),ABIDS,HYD,GIRLS,PVT,2008,OU
SVES,SRI VENKATESWARA ENGINEERING COLLEGE,SURYAPETA,SRP,COED,PVT,1998,JNTUH
SVES,SRI VENKATESWARA ENGINEERING COLLEGE,SURYAPETA,SRP,COED,PVT,1998,JNTUH
SVES,SRI VENKATESWARA ENGINEERING COLLEGE,SURYAPETA,SRP,COED,PVT,1998,JNTUH
SVIT,SWAMI VIVEKANANDA INST OF TECHNOLOGY (AUTONOMOUS),SECUNDERABAD,HYD,COED,PVT,2004,JNTUH
SVIT,SWAMI VIVEKANANDA INST OF TECHNOLOGY (AUTONOMOUS),SECUNDERABAD,HYD,COED,PVT,2004,JNTUH
SVIT,SWAMI VIVEKANANDA INST OF TECHNOLOGY (AUTONOMOUS),SECUNDERABAD,HYD,COED,PVT,2004,JNTUH
SVIT,SWAMI VIVEKANANDA INST OF TECHNOLOGY (AUTONOMOUS),SECUNDERABAD,HYD,COED,PVT,2004,JNTUH
SVIT,SWAMI VIVEKANANDA INST OF TECHNOLOGY (AUTONOMOUS),SECUNDERABAD,HYD,COED,PVT,2004,JNTUH
SVIT,SWAMI VIVEKANANDA INST OF TECHNOLOGY (AUTONOMOUS),SECUNDERABAD,HYD,COED,PVT,2004,JNTUH
SVSE,SVS GRP OF INSTNS - SVS INST OF TECH (AUTONOMOUS),HANAMKONDA,HNK,COED,PVT,2008,JNTUH
SVSE,SVS GRP OF INSTNS - SVS INST OF TECH (AUTONOMOUS),HANAMKONDA,HNK,COED,PVT,2008,JNTUH
SVSE,SVS GRP OF INSTNS - SVS INST OF TECH (AUTONOMOUS),HANAMKONDA,HNK,COED,PVT,2008,JNTUH
SVSE,SVS GRP OF INSTNS - SVS INST OF TECH (AUTONOMOUS),HANAMKONDA,HNK,COED,PVT,2008,JNTUH
SVSE,SVS GRP OF INSTNS - SVS INST OF TECH (AUTONOMOUS),HANAMKONDA,HNK,COED,PVT,2008,JNTUH
TCEK,TRINITY COLLEGE OF ENGINEERING AND TECHNOLOGY,PEDDAPALLY,PDL,COED,PVT,2008,JNTUH
TCEK,TRINITY COLLEGE OF ENGINEERING AND TECHNOLOGY,PEDDAPALLY,PDL,COED,PVT,2008,JNTUH
TCEK,TRINITY COLLEGE OF ENGINEERING AND TECHNOLOGY,PEDDAPALLY,PDL,COED,PVT,2008,JNTUH
TCEK,TRINITY COLLEGE OF ENGINEERING AND TECHNOLOGY,PEDDAPALLY,PDL,COED,PVT,2008,JNTUH
TCEK,TRINITY COLLEGE OF ENGINEERING AND TECHNOLOGY,PEDDAPALLY,PDL,COED,PVT,2008,JNTUH
TCTK,TRINITY COLLEGE OF ENGINEERING AND TECHNOLOGY,KARIMNAGAR,KRM,COED,PVT,2008,JNTUH
TCTK,TRINITY COLLEGE OF ENGINEERING AND TECHNOLOGY,KARIMNAGAR,KRM,COED,PVT,2008,JNTUH
TCTK,TRINITY COLLEGE OF ENGINEERING AND TECHNOLOGY,KARIMNAGAR,KRM,COED,PVT,2008,JNTUH
TCTK,TRINITY COLLEGE OF ENGINEERING AND TECHNOLOGY,KARIMNAGAR,KRM,COED,PVT,2008,JNTUH
TKEM,TEEGALA KRISHNA REDDY ENGINEERING COLLEGE (AUTONOMOUS),MIRPET,RR,COED,PVT,2005,JNTUH
TKEM,TEEGALA KRISHNA REDDY ENGINEERING COLLEGE (AUTONOMOUS),MIRPET,RR,COED,PVT,2005,JNTUH
TKEM,TEEGALA KRISHNA REDDY ENGINEERING COLLEGE (AUTONOMOUS),MIRPET,RR,COED,PVT,2005,JNTUH
TKEM,TEEGALA KRISHNA REDDY ENGINEERING COLLEGE (AUTONOMOUS),MIRPET,RR,COED,PVT,2005,JNTUH
TKEM,TEEGALA KRISHNA REDDY ENGINEERING COLLEGE (AUTONOMOUS),MIRPET,RR,COED,PVT,2005,JNTUH
TKEM,TEEGALA KRISHNA REDDY ENGINEERING COLLEGE (AUTONOMOUS),MIRPET,RR,COED,PVT,2005,JNTUH
TKRC,T K R COLLEGE OF ENGG AND TECHNOLOGY (AUTONOMOUS),MIRPET,RR,COED,PVT,2002,JNTUH
TKRC,T K R COLLEGE OF ENGG AND TECHNOLOGY (AUTONOMOUS),MIRPET,RR,COED,PVT,2002,JNTUH
TKRC,T K R COLLEGE OF ENGG AND TECHNOLOGY (AUTONOMOUS),MIRPET,RR,COED,PVT,2002,JNTUH
TKRC,T K R COLLEGE OF ENGG AND TECHNOLOGY (AUTONOMOUS),MIRPET,RR,COED,PVT,2002,JNTUH
TKRC,T K R COLLEGE OF ENGG AND TECHNOLOGY (AUTONOMOUS),MIRPET,RR,COED,PVT,2002,JNTUH
TKRC,T K R COLLEGE OF ENGG AND TECHNOLOGY (AUTONOMOUS),MIRPET,RR,COED,PVT,2002,JNTUH
TKRC,T K R COLLEGE OF ENGG AND TECHNOLOGY (AUTONOMOUS),MIRPET,RR,COED,PVT,2002,JNTUH
TPCE,TALLA PADMAVATHI COLL OF ENGINEERING,KAZIPET,HNK,COED,PVT,2008,JNTUH
TPCE,TALLA PADMAVATHI COLL OF ENGINEERING,KAZIPET,HNK,COED,PVT,2008,JNTUH
TPCE,TALLA PADMAVATHI COLL OF ENGINEERING,KAZIPET,HNK,COED,PVT,2008,JNTUH
TRRM,TRR COLLEGE OF TECHNOLOGY,MEERPET,RR,COED,PVT,2023,JNTUH
TRRM,TRR COLLEGE OF TECHNOLOGY,MEERPET,RR,COED,PVT,2023,JNTUH
VAGE,VAAGDEVI COLLEGE OF ENGINEERING (AUTONOMOUS),WARANGAL,WGL,COED,PVT,1998,JNTUH
VAGE,VAAGDEVI COLLEGE OF ENGINEERING (AUTONOMOUS),WARANGAL,WGL,COED,PVT,1998,JNTUH
VAGE,VAAGDEVI COLLEGE OF ENGINEERING (AUTONOMOUS),WARANGAL,WGL,COED,PVT,1998,JNTUH
VAGE,VAAGDEVI COLLEGE OF ENGINEERING (AUTONOMOUS),WARANGAL,WGL,COED,PVT,1998,JNTUH
VAGE,VAAGDEVI COLLEGE OF ENGINEERING (AUTONOMOUS),WARANGAL,WGL,COED,PVT,1998,JNTUH
VAGE,VAAGDEVI COLLEGE OF ENGINEERING (AUTONOMOUS),WARANGAL,WGL,COED,PVT,1998,JNTUH
VAGE,VAAGDEVI COLLEGE OF ENGINEERING (AUTONOMOUS),WARANGAL,WGL,COED,PVT,1998,JNTUH
VASV,VASAVI COLLEGE OF ENGINEERING,HYDERABAD,HYD,COED,PVT,1981,OU
VASV,VASAVI COLLEGE OF ENGINEERING,HYDERABAD,HYD,COED,PVT,1981,OU
VASV,VASAVI COLLEGE OF ENGINEERING,HYDERABAD,HYD,COED,PVT,1981,OU
VASV,VASAVI COLLEGE OF ENGINEERING,HYDERABAD,HYD,COED,PVT,1981,OU
VASV,VASAVI COLLEGE OF ENGINEERING,HYDERABAD,HYD,COED,PVT,1981,OU
VASV,VASAVI COLLEGE OF ENGINEERING,HYDERABAD,HYD,COED,PVT,1981,OU
VASV,VASAVI COLLEGE OF ENGINEERING,HYDERABAD,HYD,COED,PVT,1981,OU
VBIT,VIGNAN BHARATI INSTITUTE OF TECHNOLOGY (AUTONOMOUS),GHATKESAR,MDL,COED,PVT,2004,JNTUH
VBIT,VIGNAN BHARATI INSTITUTE OF TECHNOLOGY (AUTONOMOUS),GHATKESAR,MDL,COED,PVT,2004,JNTUH
VBIT,VIGNAN BHARATI INSTITUTE OF TECHNOLOGY (AUTONOMOUS),GHATKESAR,MDL,COED,PVT,2004,JNTUH
VBIT,VIGNAN BHARATI INSTITUTE OF TECHNOLOGY (AUTONOMOUS),GHATKESAR,MDL,COED,PVT,2004,JNTUH
VBIT,VIGNAN BHARATI INSTITUTE OF TECHNOLOGY (AUTONOMOUS),GHATKESAR,MDL,COED,PVT,2004,JNTUH
VBIT,VIGNAN BHARATI INSTITUTE OF TECHNOLOGY (AUTONOMOUS),GHATKESAR,MDL,COED,PVT,2004,JNTUH
VBIT,VIGNAN BHARATI INSTITUTE OF TECHNOLOGY (AUTONOMOUS),GHATKESAR,MDL,COED,PVT,2004,JNTUH
VBIT,VIGNAN BHARATI INSTITUTE OF TECHNOLOGY (AUTONOMOUS),GHATKESAR,MDL,COED,PVT,2004,JNTUH
VBIT,VIGNAN BHARATI INSTITUTE OF TECHNOLOGY (AUTONOMOUS),GHATKESAR,MDL,COED,PVT,2004,JNTUH
VBIT,VIGNAN BHARATI INSTITUTE OF TECHNOLOGY (AUTONOMOUS),GHATKESAR,MDL,COED,PVT,2004,JNTUH
VCET,VISWESWARAYA COLL OF ENGG AND TECHNOLOGY,IBRAHIMPATAN,RR,COED,PVT,2007,JNTUH
VCET,VISWESWARAYA COLL OF ENGG AND TECHNOLOGY,IBRAHIMPATAN,RR,COED,PVT,2007,JNTUH
VCET,VISWESWARAYA COLL OF ENGG AND TECHNOLOGY,IBRAHIMPATAN,RR,COED,PVT,2007,JNTUH
VCET,VISWESWARAYA COLL OF ENGG AND TECHNOLOGY,IBRAHIMPATAN,RR,COED,PVT,2007,JNTUH
VCET,VISWESWARAYA COLL OF ENGG AND TECHNOLOGY,IBRAHIMPATAN,RR,COED,PVT,2007,JNTUH
VCET,VISWESWARAYA COLL OF ENGG AND TECHNOLOGY,IBRAHIMPATAN,RR,COED,PVT,2007,JNTUH
VCET,VISWESWARAYA COLL OF ENGG AND TECHNOLOGY,IBRAHIMPATAN,RR,COED,PVT,2007,JNTUH
VGNT,VIGNAN INSTITUTE OF TECHNOLOGY AND SCI (AUTONOMOUS),DESHMUKHI,YBG,COED,PVT,1999,JNTUH
VGNT,VIGNAN INSTITUTE OF TECHNOLOGY AND SCI (AUTONOMOUS),DESHMUKHI,YBG,COED,PVT,1999,JNTUH
VGNT,VIGNAN INSTITUTE OF TECHNOLOGY AND SCI (AUTONOMOUS),DESHMUKHI,YBG,COED,PVT,1999,JNTUH
VGNT,VIGNAN INSTITUTE OF TECHNOLOGY AND SCI (AUTONOMOUS),DESHMUKHI,YBG,COED,PVT,1999,JNTUH
VGNT,VIGNAN INSTITUTE OF TECHNOLOGY AND SCI (AUTONOMOUS),DESHMUKHI,YBG,COED,PVT,1999,JNTUH
VGNT,VIGNAN INSTITUTE OF TECHNOLOGY AND SCI (AUTONOMOUS),DESHMUKHI,YBG,COED,PVT,1999,JNTUH
VGNT,VIGNAN INSTITUTE OF TECHNOLOGY AND SCI (AUTONOMOUS),DESHMUKHI,YBG,COED,PVT,1999,JNTUH
VGNT,VIGNAN INSTITUTE OF TECHNOLOGY AND SCI (AUTONOMOUS),DESHMUKHI,YBG,COED,PVT,1999,JNTUH
VGNT,VIGNAN INSTITUTE OF TECHNOLOGY AND SCI (AUTONOMOUS),DESHMUKHI,YBG,COED,PVT,1999,JNTUH
VGNT,VIGNAN INSTITUTE OF TECHNOLOGY AND SCI (AUTONOMOUS),DESHMUKHI,YBG,COED,PVT,1999,JNTUH
VGSE,VAAGESHWARI COLL OF ENGINEERING,KARIMNAGAR,KRM,COED,PVT,2005,JNTUH
VGSE,VAAGESHWARI COLL OF ENGINEERING,KARIMNAGAR,KRM,COED,PVT,2005,JNTUH
VGSE,VAAGESHWARI COLL OF ENGINEERING,KARIMNAGAR,KRM,COED,PVT,2005,JNTUH
VGSE,VAAGESHWARI COLL OF ENGINEERING,KARIMNAGAR,KRM,COED,PVT,2005,JNTUH
VGSE,VAAGESHWARI COLL OF ENGINEERING,KARIMNAGAR,KRM,COED,PVT,2005,JNTUH
VGSE,VAAGESHWARI COLL OF ENGINEERING,KARIMNAGAR,KRM,COED,PVT,2005,JNTUH
VGWL,VAGDEVI ENGINEERING COLLEGE  (AUTONOMOUS),WARANGAL,WGL,COED,PVT,2008,JNTUH
VGWL,VAGDEVI ENGINEERING COLLEGE  (AUTONOMOUS),WARANGAL,WGL,COED,PVT,2008,JNTUH
VGWL,VAGDEVI ENGINEERING COLLEGE  (AUTONOMOUS),WARANGAL,WGL,COED,PVT,2008,JNTUH
VGWL,VAGDEVI ENGINEERING COLLEGE  (AUTONOMOUS),WARANGAL,WGL,COED,PVT,2008,JNTUH
VISA,VATHSALYA INSTITUTE OF SCI AND TECHNOLOGY,BHONGIR,YBG,COED,PVT,2001,JNTUH
VISA,VATHSALYA INSTITUTE OF SCI AND TECHNOLOGY,BHONGIR,YBG,COED,PVT,2001,JNTUH
VISA,VATHSALYA INSTITUTE OF SCI AND TECHNOLOGY,BHONGIR,YBG,COED,PVT,2001,JNTUH
VISA,VATHSALYA INSTITUTE OF SCI AND TECHNOLOGY,BHONGIR,YBG,COED,PVT,2001,JNTUH
VISA,VATHSALYA INSTITUTE OF SCI AND TECHNOLOGY,BHONGIR,YBG,COED,PVT,2001,JNTUH
VISA,VATHSALYA INSTITUTE OF SCI AND TECHNOLOGY,BHONGIR,YBG,COED,PVT,2001,JNTUH
VISA,VATHSALYA INSTITUTE OF SCI AND TECHNOLOGY,BHONGIR,YBG,COED,PVT,2001,JNTUH
VITS,SRI VISHWESWARAYA INST OF TECHNOLOGY AND SCI,MAHABUBNAGAR,MBN,COED,PVT,1997,JNTUH
VITS,SRI VISHWESWARAYA INST OF TECHNOLOGY AND SCI,MAHABUBNAGAR,MBN,COED,PVT,1997,JNTUH
VITS,SRI VISHWESWARAYA INST OF TECHNOLOGY AND SCI,MAHABUBNAGAR,MBN,COED,PVT,1997,JNTUH
VJEC,V N R VIGNANA JYOTHI INSTITUTE OF ENGG AND TECH,BACHUPALLY,MDL,COED,PVT,1995,JNTUH
VJEC,V N R VIGNANA JYOTHI INSTITUTE OF ENGG AND TECH,BACHUPALLY,MDL,COED,PVT,1995,JNTUH
VJEC,V N R VIGNANA JYOTHI INSTITUTE OF ENGG AND TECH,BACHUPALLY,MDL,COED,PVT,1995,JNTUH
VJEC,V N R VIGNANA JYOTHI INSTITUTE OF ENGG AND TECH,BACHUPALLY,MDL,COED,PVT,1995,JNTUH
VJEC,V N R VIGNANA JYOTHI INSTITUTE OF ENGG AND TECH,BACHUPALLY,MDL,COED,PVT,1995,JNTUH
VJEC,V N R VIGNANA JYOTHI INSTITUTE OF ENGG AND TECH,BACHUPALLY,MDL,COED,PVT,1995,JNTUH
VJEC,V N R VIGNANA JYOTHI INSTITUTE OF ENGG AND TECH,BACHUPALLY,MDL,COED,PVT,1995,JNTUH
VJEC,V N R VIGNANA JYOTHI INSTITUTE OF ENGG AND TECH,BACHUPALLY,MDL,COED,PVT,1995,JNTUH
VJEC,V N R VIGNANA JYOTHI INSTITUTE OF ENGG AND TECH,BACHUPALLY,MDL,COED,PVT,1995,JNTUH
VJEC,V N R VIGNANA JYOTHI INSTITUTE OF ENGG AND TECH,BACHUPALLY,MDL,COED,PVT,1995,JNTUH
VJEC,V N R VIGNANA JYOTHI INSTITUTE OF ENGG AND TECH,BACHUPALLY,MDL,COED,PVT,1995,JNTUH
VJEC,V N R VIGNANA JYOTHI INSTITUTE OF ENGG AND TECH,BACHUPALLY,MDL,COED,PVT,1995,JNTUH
VJEC,V N R VIGNANA JYOTHI INSTITUTE OF ENGG AND TECH,BACHUPALLY,MDL,COED,PVT,1995,JNTUH
VJEC,V N R VIGNANA JYOTHI INSTITUTE OF ENGG AND TECH,BACHUPALLY,MDL,COED,PVT,1995,JNTUH
VJIT,VIDYAJYOTHI INSTITUTE OF TECHNOLOGY AUTONOMOUS,MOINABAD,RR,COED,PVT,1999,JNTUH
VJIT,VIDYAJYOTHI INSTITUTE OF TECHNOLOGY AUTONOMOUS,MOINABAD,RR,COED,PVT,1999,JNTUH
VJIT,VIDYAJYOTHI INSTITUTE OF TECHNOLOGY AUTONOMOUS,MOINABAD,RR,COED,PVT,1999,JNTUH
VJIT,VIDYAJYOTHI INSTITUTE OF TECHNOLOGY AUTONOMOUS,MOINABAD,RR,COED,PVT,1999,JNTUH
VJIT,VIDYAJYOTHI INSTITUTE OF TECHNOLOGY AUTONOMOUS,MOINABAD,RR,COED,PVT,1999,JNTUH
VJIT,VIDYAJYOTHI INSTITUTE OF TECHNOLOGY AUTONOMOUS,MOINABAD,RR,COED,PVT,1999,JNTUH
VJIT,VIDYAJYOTHI INSTITUTE OF TECHNOLOGY AUTONOMOUS,MOINABAD,RR,COED,PVT,1999,JNTUH
VJIT,VIDYAJYOTHI INSTITUTE OF TECHNOLOGY AUTONOMOUS,MOINABAD,RR,COED,PVT,1999,JNTUH
VJYA,VIJAYA ENGINEERING COLLEGE,KHAMMAM,KHM,COED,PVT,2007,JNTUH
VJYA,VIJAYA ENGINEERING COLLEGE,KHAMMAM,KHM,COED,PVT,2007,JNTUH
VJYA,VIJAYA ENGINEERING COLLEGE,KHAMMAM,KHM,COED,PVT,2007,JNTUH
VJYA,VIJAYA ENGINEERING COLLEGE,KHAMMAM,KHM,COED,PVT,2007,JNTUH
VJYA,VIJAYA ENGINEERING COLLEGE,KHAMMAM,KHM,COED,PVT,2007,JNTUH
VMEG,VARDHAMAN COLLEGE OF ENGINEERING,SHAMSHABAD,RR,COED,PVT,1999,JNTUH
VMEG,VARDHAMAN COLLEGE OF ENGINEERING,SHAMSHABAD,RR,COED,PVT,1999,JNTUH
VMEG,VARDHAMAN COLLEGE OF ENGINEERING,SHAMSHABAD,RR,COED,PVT,1999,JNTUH
VMEG,VARDHAMAN COLLEGE OF ENGINEERING,SHAMSHABAD,RR,COED,PVT,1999,JNTUH
VMEG,VARDHAMAN COLLEGE OF ENGINEERING,SHAMSHABAD,RR,COED,PVT,1999,JNTUH
VMEG,VARDHAMAN COLLEGE OF ENGINEERING,SHAMSHABAD,RR,COED,PVT,1999,JNTUH
VMEG,VARDHAMAN COLLEGE OF ENGINEERING,SHAMSHABAD,RR,COED,PVT,1999,JNTUH
VMEG,VARDHAMAN COLLEGE OF ENGINEERING,SHAMSHABAD,RR,COED,PVT,1999,JNTUH
VMRH,VMR PRADEEP KUMAR INST OF ENGG & TECH,HANAMKONDA,HNK,COED,PVT,2023,KU
VMRH,VMR PRADEEP KUMAR INST OF ENGG & TECH,HANAMKONDA,HNK,COED,PVT,2023,KU
VMTW,VIGNANS INST OF MANAGEMENT AND TECH FOR WOMEN,GHATKESAR,MDL,GIRLS,PVT,2008,JNTUH
VMTW,VIGNANS INST OF MANAGEMENT AND TECH FOR WOMEN,GHATKESAR,MDL,GIRLS,PVT,2008,JNTUH
VMTW,VIGNANS INST OF MANAGEMENT AND TECH FOR WOMEN,GHATKESAR,MDL,GIRLS,PVT,2008,JNTUH
VMTW,VIGNANS INST OF MANAGEMENT AND TECH FOR WOMEN,GHATKESAR,MDL,GIRLS,PVT,2008,JNTUH
VMTW,VIGNANS INST OF MANAGEMENT AND TECH FOR WOMEN,GHATKESAR,MDL,GIRLS,PVT,2008,JNTUH
VREC,VIJAYA RURAL ENGINEERING COLLEGE,NIZAMABAD,NZB,COED,PVT,1997,JNTUH
VREC,VIJAYA RURAL ENGINEERING COLLEGE,NIZAMABAD,NZB,COED,PVT,1997,JNTUH
VREC,VIJAYA RURAL ENGINEERING COLLEGE,NIZAMABAD,NZB,COED,PVT,1997,JNTUH
VREC,VIJAYA RURAL ENGINEERING COLLEGE,NIZAMABAD,NZB,COED,PVT,1997,JNTUH
VREC,VIJAYA RURAL ENGINEERING COLLEGE,NIZAMABAD,NZB,COED,PVT,1997,JNTUH
VREC,VIJAYA RURAL ENGINEERING COLLEGE,NIZAMABAD,NZB,COED,PVT,1997,JNTUH
WITS,WARANGAL INST OF TECHNOLOGY SCIENCE,WARANGAL,HNK,COED,PVT,2009,KU
WITS,WARANGAL INST OF TECHNOLOGY SCIENCE,WARANGAL,HNK,COED,PVT,2009,KU
WITS,WARANGAL INST OF TECHNOLOGY SCIENCE,WARANGAL,HNK,COED,PVT,2009,KU
